-- phpMyAdmin SQL Dump
-- version 4.9.5deb2
-- https://www.phpmyadmin.net/
--
-- Host: localhost:3306
-- Generation Time: Jun 15, 2022 at 03:12 PM
-- Server version: 10.3.34-MariaDB-0ubuntu0.20.04.1
-- PHP Version: 7.4.3

SET SQL_MODE = "NO_AUTO_VALUE_ON_ZERO";
SET AUTOCOMMIT = 0;
START TRANSACTION;
SET time_zone = "+00:00";


/*!40101 SET @OLD_CHARACTER_SET_CLIENT=@@CHARACTER_SET_CLIENT */;
/*!40101 SET @OLD_CHARACTER_SET_RESULTS=@@CHARACTER_SET_RESULTS */;
/*!40101 SET @OLD_COLLATION_CONNECTION=@@COLLATION_CONNECTION */;
/*!40101 SET NAMES utf8mb4 */;

--
-- Database: `iplant`
--

-- --------------------------------------------------------

--
-- Table structure for table `alarm`
--

CREATE TABLE `alarm` (
  `id` int(11) NOT NULL,
  `imei` varchar(10) COLLATE utf8mb4_unicode_ci NOT NULL,
  `time_set` datetime NOT NULL,
  `date_set` date DEFAULT NULL,
  `clock_set` time DEFAULT NULL,
  `flag_pump` int(1) NOT NULL DEFAULT 0 COMMENT 'Bật tưới nước',
  `flag_uv` int(1) NOT NULL COMMENT 'Bật đèn',
  `flag_loop` int(11) NOT NULL DEFAULT 0 COMMENT '1 -> Bật | 0 -> Tắt',
  `status` enum('Đã lên lịch','Đã tưới nước') COLLATE utf8mb4_unicode_ci NOT NULL,
  `flag` int(1) NOT NULL DEFAULT 0,
  `created_at` datetime NOT NULL DEFAULT current_timestamp(),
  `updated_at` datetime NOT NULL DEFAULT current_timestamp() ON UPDATE current_timestamp()
) ENGINE=InnoDB DEFAULT CHARSET=utf8mb4 COLLATE=utf8mb4_unicode_ci;

--
-- Dumping data for table `alarm`
--

INSERT INTO `alarm` (`id`, `imei`, `time_set`, `date_set`, `clock_set`, `flag_pump`, `flag_uv`, `flag_loop`, `status`, `flag`, `created_at`, `updated_at`) VALUES
(88, 'iplant0002', '2022-06-13 20:47:00', '2022-06-13', '20:47:00', 1, 1, 0, 'Đã lên lịch', 0, '2022-06-12 13:47:48', '2022-06-14 03:42:42'),
(130, '4Hzknhw7P3', '2022-06-14 21:26:00', '2022-06-14', '21:26:00', 1, 0, 1, 'Đã lên lịch', 0, '2022-06-14 14:26:37', '2022-06-15 02:52:57'),
(138, 'iplant0001', '2022-06-15 07:05:00', '2022-06-15', '07:05:00', 1, 1, 0, 'Đã tưới nước', 1, '2022-06-15 00:02:40', '2022-06-15 00:05:00'),
(139, 'iplant0001', '2022-06-15 07:03:00', '2022-06-15', '07:03:00', 1, 1, 0, 'Đã tưới nước', 1, '2022-06-15 00:03:04', '2022-06-15 02:52:57'),
(140, 'iplant0001', '2022-06-16 09:53:00', '2022-06-16', '09:53:00', 1, 1, 1, 'Đã lên lịch', 0, '2022-06-15 02:53:10', '2022-06-15 02:53:13'),
(141, 'iplant0001', '2022-06-16 10:43:00', '2022-06-16', '10:43:00', 1, 1, 1, 'Đã lên lịch', 0, '2022-06-15 03:42:39', '2022-06-15 03:43:03');

-- --------------------------------------------------------

--
-- Table structure for table `auto`
--

CREATE TABLE `auto` (
  `id` int(11) NOT NULL,
  `imei` varchar(10) COLLATE utf8mb4_unicode_ci NOT NULL,
  `soil_moisture` int(3) NOT NULL DEFAULT 50,
  `temperature_env` float(3,1) NOT NULL DEFAULT 30.0,
  `light_sensor` int(5) NOT NULL DEFAULT 1000,
  `is_updated` int(1) NOT NULL DEFAULT 0,
  `status` int(1) DEFAULT 1 COMMENT '0 -> Tắt | 1 -> Bật',
  `created_at` datetime NOT NULL DEFAULT current_timestamp(),
  `updated_at` datetime NOT NULL DEFAULT current_timestamp() ON UPDATE current_timestamp()
) ENGINE=InnoDB DEFAULT CHARSET=utf8mb4 COLLATE=utf8mb4_unicode_ci;

--
-- Dumping data for table `auto`
--

INSERT INTO `auto` (`id`, `imei`, `soil_moisture`, `temperature_env`, `light_sensor`, `is_updated`, `status`, `created_at`, `updated_at`) VALUES
(1, 'iplant0001', 37, 32.5, 72, 1, 0, '2022-06-06 16:06:24', '2022-06-15 01:43:24'),
(2, 'iplant0002', 100, 40.0, 100, 1, 1, '2022-06-06 17:01:51', '2022-06-14 04:42:52'),
(3, 'hzOfmSwZHN', 2, 39.5, 21, 1, 0, '2022-06-07 01:36:56', '2022-06-15 00:06:55'),
(4, '4Hzknhw7P3', 30, 31.0, 50, 0, 0, '2022-06-15 00:35:12', '2022-06-15 03:11:23');

-- --------------------------------------------------------

--
-- Table structure for table `controls`
--

CREATE TABLE `controls` (
  `id` int(11) NOT NULL,
  `imei` varchar(10) COLLATE utf8mb4_unicode_ci NOT NULL,
  `is_pump` int(1) NOT NULL DEFAULT 0,
  `is_led_noti` int(1) NOT NULL DEFAULT 0,
  `is_updated` int(1) NOT NULL DEFAULT 0,
  `is_updated_auto` int(1) NOT NULL DEFAULT 1,
  `is_led_uv` int(1) NOT NULL DEFAULT 0
) ENGINE=InnoDB DEFAULT CHARSET=utf8mb4 COLLATE=utf8mb4_unicode_ci;

--
-- Dumping data for table `controls`
--

INSERT INTO `controls` (`id`, `imei`, `is_pump`, `is_led_noti`, `is_updated`, `is_updated_auto`, `is_led_uv`) VALUES
(2, 'iplant0001', 0, 0, 0, 0, 0),
(3, 'q5QASx3d1Z', 1, 0, 1, 0, 0),
(4, '4Hzknhw7P3', 1, 0, 1, 1, 0),
(5, 'uWjOydUDtd', 1, 1, 1, 0, 0),
(7, 'ixhHI8bUQ7', 1, 1, 1, 0, 1),
(8, 'hzOfmSwZHN', 1, 0, 1, 1, 1),
(9, 'iplant0002', 0, 0, 1, 1, 1);

-- --------------------------------------------------------

--
-- Table structure for table `led`
--

CREATE TABLE `led` (
  `id` int(11) NOT NULL,
  `imei` varchar(10) COLLATE utf8mb4_unicode_ci NOT NULL,
  `red` mediumint(9) NOT NULL DEFAULT 255,
  `green` mediumint(9) NOT NULL DEFAULT 0,
  `blue` mediumint(9) NOT NULL DEFAULT 0
) ENGINE=InnoDB DEFAULT CHARSET=utf8mb4 COLLATE=utf8mb4_unicode_ci;

-- --------------------------------------------------------

--
-- Table structure for table `notification`
--

CREATE TABLE `notification` (
  `id` int(11) NOT NULL,
  `imei` varchar(10) COLLATE utf8mb4_unicode_ci NOT NULL,
  `title` varchar(250) COLLATE utf8mb4_unicode_ci NOT NULL,
  `content` varchar(500) COLLATE utf8mb4_unicode_ci NOT NULL,
  `created_at` datetime NOT NULL DEFAULT current_timestamp(),
  `status` int(1) NOT NULL
) ENGINE=InnoDB DEFAULT CHARSET=utf8mb4 COLLATE=utf8mb4_unicode_ci;

--
-- Dumping data for table `notification`
--

INSERT INTO `notification` (`id`, `imei`, `title`, `content`, `created_at`, `status`) VALUES
(57, 'iplant0001', 'Tưới nước', 'Đã được tưới nước.', '2022-06-13 14:10:11', 1),
(58, 'iplant0001', 'Tưới nước', 'Đã được tưới nước.', '2022-06-13 14:10:34', 1),
(59, 'iplant0001', 'Tưới nước', 'Đã được tưới nước.', '2022-06-13 14:13:39', 1),
(60, 'iplant0001', 'Tưới nước', 'Đã được tưới nước.', '2022-06-13 14:15:07', 1),
(61, 'iplant0001', 'Tưới nước', 'Đã được tưới nước.', '2022-06-13 14:15:30', 1),
(62, 'iplant0001', 'Tưới nước', 'Đã được tưới nước.', '2022-06-13 14:18:18', 1),
(63, 'iplant0001', 'Tưới nước', 'Đã được tưới nước.', '2022-06-13 14:18:24', 1),
(64, 'iplant0001', 'Tưới nước', 'Đã được tưới nước.', '2022-06-13 14:19:00', 1),
(65, 'iplant0001', 'Tưới nước', 'Đã được tưới nước.', '2022-06-13 14:19:19', 1),
(66, 'iplant0001', 'Tưới nước', 'Đã được tưới nước.', '2022-06-13 14:19:29', 1),
(67, 'iplant0001', 'Tưới nước', 'Đã được tưới nước.', '2022-06-13 14:28:36', 1),
(68, 'iplant0001', 'Tưới nước', 'Đã được tưới nước.', '2022-06-13 14:57:10', 1),
(69, 'iplant0001', 'Tưới nước', 'Đã được tưới nước.', '2022-06-13 14:57:37', 1),
(70, 'iplant0001', 'Tưới nước', 'Đã được tưới nước.', '2022-06-13 15:01:11', 1),
(71, 'iplant0001', 'Tưới nước', 'Đã được tưới nước.', '2022-06-13 15:01:35', 1),
(72, 'iplant0001', 'Tưới nước', 'Đã được tưới nước.', '2022-06-13 15:01:42', 1),
(73, 'iplant0001', 'Tưới nước', 'Đã được tưới nước.', '2022-06-13 15:01:51', 1),
(74, 'iplant0001', 'Tưới nước', 'Đã được tưới nước.', '2022-06-13 15:02:05', 1),
(75, 'iplant0001', 'Tưới nước', 'Đã được tưới nước.', '2022-06-13 15:02:44', 1),
(76, 'iplant0001', 'Tưới nước', 'Đã được tưới nước.', '2022-06-13 15:04:23', 1),
(77, 'iplant0001', 'Tưới nước', 'Đã được tưới nước.', '2022-06-13 15:04:32', 1),
(78, 'iplant0001', 'Tưới nước', 'Đã được tưới nước.', '2022-06-13 15:04:46', 1),
(79, 'iplant0001', 'Tưới nước', 'Đã được tưới nước.', '2022-06-13 15:04:54', 1),
(80, 'iplant0001', 'Tưới nước', 'Đã được tưới nước.', '2022-06-13 15:05:01', 1),
(81, 'iplant0001', 'Tưới nước', 'Đã được tưới nước.', '2022-06-13 15:05:16', 1),
(82, 'iplant0001', 'Tưới nước', 'Đã được tưới nước.', '2022-06-13 15:06:22', 1),
(83, 'iplant0001', 'Tưới nước', 'Đã được tưới nước.', '2022-06-13 15:06:33', 1),
(84, 'iplant0001', 'Tưới nước', 'Đã được tưới nước.', '2022-06-13 15:08:19', 1),
(85, 'iplant0001', 'Tưới nước', 'Đã được tưới nước.', '2022-06-13 15:10:29', 1),
(86, 'iplant0001', 'Tưới nước', 'Đã được tưới nước.', '2022-06-13 15:10:39', 1),
(87, 'iplant0001', 'Tưới nước', 'Đã được tưới nước.', '2022-06-13 15:11:03', 1),
(88, 'iplant0001', 'Tưới nước', 'Đã được tưới nước.', '2022-06-13 15:11:52', 1),
(89, 'iplant0001', 'Tưới nước', 'Đã được tưới nước.', '2022-06-13 15:36:10', 1),
(90, 'iplant0001', 'Tưới nước', 'Đã được tưới nước.', '2022-06-13 15:40:53', 1),
(91, 'iplant0001', 'Tưới nước', 'Đã được tưới nước.', '2022-06-13 15:41:04', 1),
(92, 'iplant0001', 'Tưới nước', 'Đã được tưới nước.', '2022-06-13 15:41:56', 1),
(93, 'iplant0001', 'Tưới nước', 'Đã được tưới nước.', '2022-06-13 15:43:52', 1),
(94, 'iplant0001', 'Tưới nước', 'Đã được tưới nước.', '2022-06-13 15:45:51', 1),
(95, 'iplant0001', 'Tưới nước', 'Đã được tưới nước.', '2022-06-13 15:50:06', 1),
(96, 'iplant0001', 'Tưới nước', 'Đã được tưới nước.', '2022-06-13 15:52:01', 1),
(97, 'iplant0001', 'Tưới nước', 'Đã được tưới nước.', '2022-06-13 15:52:18', 1),
(98, 'iplant0001', 'Tưới nước', 'Đã được tưới nước.', '2022-06-13 15:53:05', 1),
(99, 'iplant0001', 'Tưới nước', 'Đã được tưới nước.', '2022-06-13 15:54:00', 1),
(100, 'iplant0001', 'Tưới nước', 'Đã được tưới nước.', '2022-06-13 15:54:19', 1),
(101, 'iplant0001', 'Tưới nước', 'Đã được tưới nước.', '2022-06-13 15:54:34', 1),
(102, 'iplant0001', 'Tưới nước', 'Đã được tưới nước.', '2022-06-13 15:54:59', 1),
(103, 'iplant0001', 'Tưới nước', 'Đã được tưới nước.', '2022-06-13 15:55:19', 1),
(104, 'iplant0001', 'Tưới nước', 'Đã được tưới nước.', '2022-06-13 15:55:25', 1),
(105, 'iplant0001', 'Tưới nước', 'Đã được tưới nước.', '2022-06-13 15:55:31', 1),
(106, 'iplant0001', 'Tưới nước', 'Đã được tưới nước.', '2022-06-13 16:23:11', 1),
(107, 'iplant0001', 'Tưới nước', 'Đã được tưới nước.', '2022-06-13 16:25:57', 1),
(108, 'iplant0001', 'Tưới nước', 'Đã được tưới nước.', '2022-06-13 16:26:14', 1),
(109, 'iplant0001', 'Tưới nước', 'Đã được tưới nước.', '2022-06-13 16:26:45', 1),
(110, 'iplant0001', 'Tưới nước', 'Đã được tưới nước.', '2022-06-13 16:26:57', 1),
(111, 'iplant0001', 'Tưới nước', 'Đã được tưới nước.', '2022-06-13 16:27:19', 1),
(112, 'iplant0001', 'Tưới nước', 'Đã được tưới nước.', '2022-06-13 16:28:12', 1),
(113, 'iplant0001', 'Tưới nước', 'Đã được tưới nước.', '2022-06-13 16:31:47', 1),
(114, 'iplant0001', 'Tưới nước', 'Đã được tưới nước.', '2022-06-13 16:32:42', 1),
(115, 'iplant0001', 'Tưới nước', 'Đã được tưới nước.', '2022-06-13 16:32:54', 1),
(116, 'iplant0001', 'Tưới nước', 'Đã được tưới nước.', '2022-06-13 16:33:03', 1),
(117, 'iplant0001', 'Tưới nước', 'Đã được tưới nước.', '2022-06-13 16:33:51', 1),
(118, 'iplant0001', 'Tưới nước', 'Đã được tưới nước.', '2022-06-13 16:34:12', 1),
(119, 'iplant0001', 'Tưới nước', 'Đã được tưới nước.', '2022-06-13 16:45:24', 1),
(120, 'iplant0001', 'Tưới nước', 'Đã được tưới nước.', '2022-06-13 16:45:52', 1),
(121, 'iplant0001', 'Tưới nước', 'Đã được tưới nước.', '2022-06-13 16:46:38', 1),
(122, 'iplant0001', 'Tưới nước', 'Đã được tưới nước.', '2022-06-13 16:47:05', 1),
(123, 'iplant0001', 'Tưới nước', 'Đã được tưới nước.', '2022-06-13 16:49:13', 1),
(124, 'iplant0001', 'Tưới nước', 'Đã được tưới nước.', '2022-06-13 16:49:26', 1),
(125, 'iplant0001', 'Tưới nước', 'Đã được tưới nước.', '2022-06-13 16:49:37', 1),
(126, 'iplant0001', 'Tưới nước', 'Đã được tưới nước.', '2022-06-13 16:50:03', 1),
(127, 'iplant0001', 'Tưới nước', 'Đã được tưới nước.', '2022-06-14 06:27:24', 1),
(128, 'iplant0001', 'Tưới nước', 'Đã được tưới nước.', '2022-06-14 06:28:53', 1),
(129, 'iplant0001', 'Tưới nước', 'Đã được tưới nước.', '2022-06-14 06:32:11', 1),
(130, 'iplant0001', 'Tưới nước', 'Đã được tưới nước.', '2022-06-14 06:34:03', 1),
(131, 'iplant0001', 'Tưới nước', 'Đã được tưới nước.', '2022-06-14 06:37:26', 1),
(132, 'iplant0001', 'Tưới nước', 'Đã được tưới nước.', '2022-06-14 06:39:43', 1),
(133, 'iplant0001', 'Tưới nước', 'Đã được tưới nước.', '2022-06-14 06:42:30', 1),
(134, 'iplant0001', 'Tưới nước', 'Đã được tưới nước.', '2022-06-14 06:43:53', 1),
(135, 'iplant0001', 'Tưới nước', 'Đã được tưới nước.', '2022-06-14 06:47:13', 1),
(136, 'iplant0001', 'Tưới nước', 'Đã được tưới nước.', '2022-06-14 06:51:07', 1),
(137, 'iplant0001', 'Tưới nước', 'Đã được tưới nước.', '2022-06-14 06:53:04', 1),
(138, 'iplant0001', 'Tưới nước', 'Đã được tưới nước.', '2022-06-14 07:19:27', 1),
(139, 'iplant0001', 'Tưới nước', 'Đã được tưới nước.', '2022-06-14 07:21:16', 1),
(140, 'iplant0001', 'Tưới nước', 'Đã được tưới nước.', '2022-06-14 07:35:20', 1),
(141, 'iplant0001', 'Tưới nước', 'Đã được tưới nước.', '2022-06-14 07:35:33', 1),
(142, 'iplant0001', 'Tưới nước', 'Đã được tưới nước.', '2022-06-14 07:35:55', 1),
(143, 'iplant0001', 'Tưới nước', 'Đã được tưới nước.', '2022-06-14 07:36:09', 1),
(144, 'iplant0001', 'Tưới nước', 'Đã được tưới nước.', '2022-06-14 07:37:17', 1),
(145, 'iplant0001', 'Tưới nước', 'Đã được tưới nước.', '2022-06-14 07:37:31', 1),
(146, 'iplant0001', 'Tưới nước', 'Đã được tưới nước.', '2022-06-14 07:37:52', 1),
(147, 'iplant0001', 'Tưới nước', 'Đã được tưới nước.', '2022-06-14 07:38:00', 1),
(148, 'iplant0001', 'Tưới nước', 'Đã được tưới nước.', '2022-06-14 07:38:12', 1),
(149, 'iplant0001', 'Tưới nước', 'Đã được tưới nước.', '2022-06-14 07:38:33', 1),
(150, 'iplant0001', 'Tưới nước', 'Đã được tưới nước.', '2022-06-14 12:14:47', 1),
(151, 'iplant0001', 'Tưới nước', 'Đã được tưới nước.', '2022-06-14 12:15:00', 1),
(152, 'iplant0001', 'Tưới nước', 'Đã được tưới nước.', '2022-06-14 12:16:55', 1),
(153, 'iplant0001', 'Tưới nước', 'Đã được tưới nước.', '2022-06-14 12:17:05', 1),
(154, 'iplant0001', 'Tưới nước', 'Đã được tưới nước.', '2022-06-14 12:17:13', 1),
(155, 'iplant0001', 'Tưới nước', 'Đã được tưới nước.', '2022-06-14 12:17:22', 1),
(156, 'iplant0001', 'Tưới nước', 'Đã được tưới nước.', '2022-06-14 12:19:11', 1),
(157, 'iplant0001', 'Tưới nước', 'Đã được tưới nước.', '2022-06-14 12:24:16', 1),
(158, 'iplant0001', 'Tưới nước', 'Đã được tưới nước.', '2022-06-14 12:25:01', 1),
(159, 'iplant0001', 'Tưới nước', 'Đã được tưới nước.', '2022-06-14 12:25:10', 1),
(160, 'iplant0001', 'Tưới nước', 'Đã được tưới nước.', '2022-06-14 12:26:05', 1),
(161, 'iplant0001', 'Tưới nước', 'Đã được tưới nước.', '2022-06-14 12:27:38', 1),
(162, 'iplant0001', 'Tưới nước', 'Đã được tưới nước.', '2022-06-14 12:35:07', 1),
(163, 'iplant0001', 'Tưới nước', 'Đã được tưới nước.', '2022-06-14 12:35:34', 1),
(164, 'iplant0001', 'Tưới nước', 'Đã được tưới nước.', '2022-06-14 12:42:49', 1),
(165, 'iplant0001', 'Tưới nước', 'Đã được tưới nước.', '2022-06-14 12:47:46', 1),
(166, 'iplant0001', 'Tưới nước', 'Đã được tưới nước.', '2022-06-14 12:50:20', 1),
(167, 'iplant0001', 'Tưới nước', 'Đã được tưới nước.', '2022-06-14 12:53:46', 1),
(168, 'iplant0001', 'Tưới nước', 'Đã được tưới nước.', '2022-06-14 12:55:26', 1),
(169, 'iplant0001', 'Tưới nước', 'Đã được tưới nước.', '2022-06-14 12:56:11', 1),
(170, 'iplant0001', 'Tưới nước', 'Đã được tưới nước.', '2022-06-14 12:58:08', 1),
(171, 'iplant0001', 'Tưới nước', 'Đã được tưới nước.', '2022-06-14 13:00:14', 1),
(172, 'iplant0001', 'Tưới nước', 'Đã được tưới nước.', '2022-06-14 13:10:53', 1),
(173, 'iplant0001', 'Tưới nước', 'Đã được tưới nước.', '2022-06-14 13:13:55', 1),
(174, 'iplant0001', 'Tưới nước', 'Đã được tưới nước.', '2022-06-14 13:14:10', 1),
(175, 'iplant0001', 'Tưới nước', 'Đã được tưới nước.', '2022-06-14 13:14:53', 1),
(176, 'iplant0001', 'Tưới nước', 'Đã được tưới nước.', '2022-06-14 13:16:25', 1),
(177, 'iplant0001', 'Tưới nước', 'Đã được tưới nước.', '2022-06-14 13:18:07', 1),
(178, 'iplant0001', 'Tưới nước', 'Đã được tưới nước.', '2022-06-14 13:18:45', 1),
(179, 'iplant0001', 'Tưới nước', 'Đã được tưới nước.', '2022-06-14 13:33:07', 1),
(180, 'iplant0001', 'Tưới nước', 'Đã được tưới nước.', '2022-06-14 13:43:03', 1),
(181, 'iplant0001', 'Tưới nước', 'Đã được tưới nước.', '2022-06-14 13:51:45', 1),
(182, 'iplant0001', 'Tưới nước', 'Đã được tưới nước.', '2022-06-14 13:52:20', 1),
(183, 'iplant0001', 'Tưới nước', 'Đã được tưới nước.', '2022-06-14 13:52:32', 1),
(184, 'iplant0001', 'Tưới nước', 'Đã được tưới nước.', '2022-06-14 13:53:44', 1),
(185, 'iplant0001', 'Tưới nước', 'Đã được tưới nước.', '2022-06-14 13:55:12', 1),
(186, 'iplant0001', 'Tưới nước', 'Đã được tưới nước.', '2022-06-14 13:59:16', 1),
(187, 'iplant0001', 'Tưới nước', 'Đã được tưới nước.', '2022-06-14 14:01:39', 1),
(188, 'iplant0001', 'Tưới nước', 'Đã được tưới nước.', '2022-06-14 14:02:22', 1),
(189, 'iplant0001', 'Tưới nước', 'Đã được tưới nước.', '2022-06-14 14:02:33', 1),
(190, 'iplant0001', 'Tưới nước', 'Đã được tưới nước.', '2022-06-14 14:18:21', 1),
(191, 'iplant0001', 'Tưới nước', 'Đã được tưới nước.', '2022-06-14 14:19:31', 1),
(192, 'iplant0001', 'Tưới nước', 'Đã được tưới nước.', '2022-06-14 14:19:48', 1),
(193, 'iplant0001', 'Tưới nước', 'Đã được tưới nước.', '2022-06-14 14:20:53', 1),
(194, 'iplant0001', 'Tưới nước', 'Đã được tưới nước.', '2022-06-14 14:21:30', 1),
(195, 'iplant0001', 'Tưới nước', 'Đã được tưới nước.', '2022-06-14 14:22:23', 1),
(196, 'iplant0001', 'Tưới nước', 'Đã được tưới nước.', '2022-06-14 14:23:11', 1),
(197, 'iplant0001', 'Tưới nước', 'Đã được tưới nước.', '2022-06-14 14:23:34', 1),
(198, 'iplant0001', 'Tưới nước', 'Đã được tưới nước.', '2022-06-14 14:25:30', 1),
(199, 'iplant0001', 'Tưới nước', 'Đã được tưới nước.', '2022-06-14 14:26:10', 1),
(200, 'iplant0001', 'Tưới nước', 'Đã được tưới nước.', '2022-06-14 14:27:55', 1),
(201, 'iplant0001', 'Tưới nước', 'Đã được tưới nước.', '2022-06-14 14:30:32', 1),
(202, 'iplant0001', 'Tưới nước', 'Đã được tưới nước.', '2022-06-14 14:38:44', 1),
(203, 'iplant0001', 'Tưới nước', 'Đã được tưới nước.', '2022-06-14 14:40:34', 1),
(204, 'iplant0001', 'Tưới nước', 'Đã được tưới nước.', '2022-06-14 14:50:14', 1),
(205, 'iplant0001', 'Tưới nước', 'Đã được tưới nước.', '2022-06-14 14:50:28', 1),
(206, 'iplant0001', 'Tưới nước', 'Đã được tưới nước.', '2022-06-14 14:51:56', 1),
(207, 'iplant0001', 'Tưới nước', 'Đã được tưới nước.', '2022-06-14 14:52:12', 1),
(208, 'iplant0001', 'Tưới nước', 'Đã được tưới nước.', '2022-06-14 14:52:26', 1),
(209, 'iplant0001', 'Tưới nước', 'Đã được tưới nước.', '2022-06-14 14:59:33', 1),
(210, 'iplant0001', 'Tưới nước', 'Đã được tưới nước.', '2022-06-14 15:00:29', 1),
(211, 'iplant0001', 'Tưới nước', 'Đã được tưới nước.', '2022-06-14 15:07:15', 1),
(212, 'iplant0001', 'Tưới nước', 'Đã được tưới nước.', '2022-06-14 15:07:29', 1),
(213, 'iplant0001', 'Tưới nước', 'Đã được tưới nước.', '2022-06-14 15:07:44', 1),
(214, 'iplant0001', 'Tưới nước', 'Đã được tưới nước.', '2022-06-14 15:08:06', 1),
(215, 'iplant0001', 'Tưới nước', 'Đã được tưới nước.', '2022-06-14 15:09:07', 1),
(216, 'iplant0001', 'Tưới nước', 'Đã được tưới nước.', '2022-06-14 15:09:25', 1),
(217, 'iplant0001', 'Tưới nước', 'Đã được tưới nước.', '2022-06-14 15:15:17', 1),
(218, 'iplant0001', 'Tưới nước', 'Đã được tưới nước.', '2022-06-14 15:16:35', 1),
(219, 'iplant0001', 'Tưới nước', 'Đã được tưới nước.', '2022-06-14 15:19:30', 1),
(220, 'iplant0001', 'Tưới nước', 'Đã được tưới nước.', '2022-06-14 15:22:13', 1),
(221, 'iplant0001', 'Tưới nước', 'Đã được tưới nước.', '2022-06-14 15:26:47', 1),
(222, 'iplant0001', 'Tưới nước', 'Đã được tưới nước.', '2022-06-14 15:27:27', 1),
(223, 'iplant0001', 'Tưới nước', 'Đã được tưới nước.', '2022-06-14 15:28:26', 1),
(224, 'iplant0001', 'Tưới nước', 'Đã được tưới nước.', '2022-06-14 15:45:21', 1),
(225, 'iplant0001', 'Tưới nước', 'Đã được tưới nước.', '2022-06-14 15:47:15', 1),
(226, 'iplant0001', 'Tưới nước', 'Đã được tưới nước.', '2022-06-14 15:49:29', 1),
(227, 'iplant0001', 'Tưới nước', 'Đã được tưới nước.', '2022-06-14 15:49:37', 1),
(228, 'iplant0001', 'Tưới nước', 'Đã được tưới nước.', '2022-06-14 15:54:58', 1),
(229, 'iplant0001', 'Tưới nước', 'Đã được tưới nước.', '2022-06-14 16:14:44', 1),
(230, 'iplant0001', 'Tưới nước', 'Đã được tưới nước.', '2022-06-14 16:14:54', 1),
(231, 'iplant0001', 'Tưới nước', 'Đã được tưới nước.', '2022-06-14 16:16:09', 1),
(232, 'iplant0001', 'Tưới nước', 'Đã được tưới nước.', '2022-06-14 16:16:40', 1),
(233, 'iplant0001', 'Tưới nước', 'Đã được tưới nước.', '2022-06-14 16:17:37', 1),
(234, 'iplant0001', 'Tưới nước', 'Đã được tưới nước.', '2022-06-14 16:17:48', 1),
(235, 'iplant0001', 'Tưới nước', 'Đã được tưới nước.', '2022-06-14 16:17:59', 1),
(236, 'iplant0001', 'Tưới nước', 'Đã được tưới nước.', '2022-06-14 16:18:30', 1),
(237, 'iplant0001', 'Tưới nước', 'Đã được tưới nước.', '2022-06-14 16:18:40', 1),
(238, 'iplant0001', 'Tưới nước', 'Đã được tưới nước.', '2022-06-14 16:18:58', 1),
(239, 'iplant0001', 'Tưới nước', 'Đã được tưới nước.', '2022-06-14 16:19:04', 1),
(240, 'iplant0001', 'Tưới nước', 'Đã được tưới nước.', '2022-06-14 16:19:49', 1),
(241, 'iplant0001', 'Tưới nước', 'Đã được tưới nước.', '2022-06-14 16:20:00', 1),
(242, 'iplant0001', 'Tưới nước', 'Đã được tưới nước.', '2022-06-14 16:20:09', 1),
(243, 'iplant0001', 'Tưới nước', 'Đã được tưới nước.', '2022-06-14 16:20:24', 1),
(244, 'iplant0001', 'Tưới nước', 'Đã được tưới nước.', '2022-06-14 16:20:35', 1),
(245, 'iplant0001', 'Tưới nước', 'Đã được tưới nước.', '2022-06-14 16:20:46', 1),
(246, 'iplant0001', 'Tưới nước', 'Đã được tưới nước.', '2022-06-14 16:21:11', 1),
(247, 'iplant0001', 'Tưới nước', 'Đã được tưới nước.', '2022-06-14 16:21:21', 1),
(248, 'iplant0001', 'Tưới nước', 'Đã được tưới nước.', '2022-06-14 16:21:40', 1),
(249, 'iplant0001', 'Tưới nước', 'Đã được tưới nước.', '2022-06-14 16:22:37', 1),
(250, 'iplant0001', 'Tưới nước', 'Đã được tưới nước.', '2022-06-14 16:22:47', 1),
(251, 'iplant0001', 'Tưới nước', 'Đã được tưới nước.', '2022-06-14 16:22:54', 1),
(252, 'iplant0001', 'Tưới nước', 'Đã được tưới nước.', '2022-06-14 16:23:00', 1),
(253, 'iplant0001', 'Tưới nước', 'Đã được tưới nước.', '2022-06-14 16:23:06', 1),
(254, 'iplant0001', 'Tưới nước', 'Đã được tưới nước.', '2022-06-14 16:23:11', 1),
(255, 'iplant0001', 'Tưới nước', 'Đã được tưới nước.', '2022-06-14 16:23:17', 1),
(256, 'iplant0001', 'Tưới nước', 'Đã được tưới nước.', '2022-06-14 16:23:23', 1),
(257, 'iplant0001', 'Tưới nước', 'Đã được tưới nước.', '2022-06-14 16:23:29', 1),
(258, 'iplant0001', 'Tưới nước', 'Đã được tưới nước.', '2022-06-14 16:23:34', 1),
(259, 'iplant0001', 'Tưới nước', 'Đã được tưới nước.', '2022-06-14 16:23:40', 1),
(260, 'iplant0001', 'Tưới nước', 'Đã được tưới nước.', '2022-06-14 16:23:47', 1),
(261, 'iplant0001', 'Tưới nước', 'Đã được tưới nước.', '2022-06-14 16:23:53', 1),
(262, 'iplant0001', 'Tưới nước', 'Đã được tưới nước.', '2022-06-14 16:23:58', 1),
(263, 'iplant0001', 'Tưới nước', 'Đã được tưới nước.', '2022-06-14 16:24:17', 1),
(264, 'iplant0001', 'Tưới nước', 'Đã được tưới nước.', '2022-06-14 16:24:27', 1),
(265, 'iplant0001', 'Tưới nước', 'Đã được tưới nước.', '2022-06-14 16:25:21', 1),
(266, 'iplant0001', 'Tưới nước', 'Đã được tưới nước.', '2022-06-14 16:25:34', 1),
(267, 'iplant0001', 'Tưới nước', 'Đã được tưới nước.', '2022-06-14 16:27:31', 1),
(268, 'iplant0001', 'Tưới nước', 'Đã được tưới nước.', '2022-06-14 16:27:41', 1),
(269, 'iplant0001', 'Tưới nước', 'Đã được tưới nước.', '2022-06-14 16:27:48', 1),
(270, 'iplant0001', 'Tưới nước', 'Đã được tưới nước.', '2022-06-14 16:27:54', 1),
(271, 'iplant0001', 'Tưới nước', 'Đã được tưới nước.', '2022-06-14 16:28:00', 1),
(272, 'iplant0001', 'Tưới nước', 'Đã được tưới nước.', '2022-06-14 16:28:06', 1),
(273, 'iplant0001', 'Tưới nước', 'Đã được tưới nước.', '2022-06-14 16:28:11', 1),
(274, 'iplant0001', 'Tưới nước', 'Đã được tưới nước.', '2022-06-14 16:28:17', 1),
(275, 'iplant0001', 'Tưới nước', 'Đã được tưới nước.', '2022-06-14 16:28:23', 1),
(276, 'iplant0001', 'Tưới nước', 'Đã được tưới nước.', '2022-06-14 16:28:30', 1),
(277, 'iplant0001', 'Tưới nước', 'Đã được tưới nước.', '2022-06-14 16:28:36', 1),
(278, 'iplant0001', 'Tưới nước', 'Đã được tưới nước.', '2022-06-14 16:28:42', 1),
(279, 'iplant0001', 'Tưới nước', 'Đã được tưới nước.', '2022-06-14 16:29:48', 1),
(280, 'iplant0001', 'Tưới nước', 'Đã được tưới nước.', '2022-06-14 16:29:58', 1),
(281, 'iplant0001', 'Tưới nước', 'Đã được tưới nước.', '2022-06-14 16:30:05', 1),
(282, 'iplant0001', 'Tưới nước', 'Đã được tưới nước.', '2022-06-14 16:31:05', 1),
(283, 'iplant0001', 'Tưới nước', 'Đã được tưới nước.', '2022-06-14 16:31:16', 1),
(284, 'iplant0001', 'Tưới nước', 'Đã được tưới nước.', '2022-06-14 16:31:24', 1),
(285, 'iplant0001', 'Tưới nước', 'Đã được tưới nước.', '2022-06-14 16:31:30', 1),
(286, 'iplant0001', 'Tưới nước', 'Đã được tưới nước.', '2022-06-14 16:31:36', 1),
(287, 'iplant0001', 'Tưới nước', 'Đã được tưới nước.', '2022-06-14 16:31:41', 1),
(288, 'iplant0001', 'Tưới nước', 'Đã được tưới nước.', '2022-06-14 16:31:47', 1),
(289, 'iplant0001', 'Tưới nước', 'Đã được tưới nước.', '2022-06-14 16:31:55', 1),
(290, 'iplant0001', 'Tưới nước', 'Đã được tưới nước.', '2022-06-14 16:33:05', 1),
(291, 'iplant0001', 'Tưới nước', 'Đã được tưới nước.', '2022-06-14 16:33:16', 1),
(292, 'iplant0001', 'Tưới nước', 'Đã được tưới nước.', '2022-06-14 16:33:23', 1),
(293, 'iplant0001', 'Tưới nước', 'Đã được tưới nước.', '2022-06-14 16:33:28', 1),
(294, 'iplant0001', 'Tưới nước', 'Đã được tưới nước.', '2022-06-14 16:33:34', 1),
(295, 'iplant0001', 'Tưới nước', 'Đã được tưới nước.', '2022-06-14 16:33:41', 1),
(296, 'iplant0001', 'Tưới nước', 'Đã được tưới nước.', '2022-06-14 16:33:47', 1),
(297, 'iplant0001', 'Tưới nước', 'Đã được tưới nước.', '2022-06-14 16:33:52', 1),
(298, 'iplant0001', 'Tưới nước', 'Đã được tưới nước.', '2022-06-14 16:33:59', 1),
(299, 'iplant0001', 'Tưới nước', 'Đã được tưới nước.', '2022-06-14 16:34:06', 1),
(300, 'iplant0001', 'Tưới nước', 'Đã được tưới nước.', '2022-06-14 16:34:13', 1),
(301, 'iplant0001', 'Tưới nước', 'Đã được tưới nước.', '2022-06-14 16:34:20', 1),
(302, 'iplant0001', 'Tưới nước', 'Đã được tưới nước.', '2022-06-14 16:34:27', 1),
(303, 'iplant0001', 'Tưới nước', 'Đã được tưới nước.', '2022-06-14 16:34:32', 1),
(304, 'iplant0001', 'Tưới nước', 'Đã được tưới nước.', '2022-06-14 16:34:38', 1),
(305, 'iplant0001', 'Tưới nước', 'Đã được tưới nước.', '2022-06-14 16:34:45', 1),
(306, 'iplant0001', 'Tưới nước', 'Đã được tưới nước.', '2022-06-14 16:34:50', 1),
(307, 'iplant0001', 'Tưới nước', 'Đã được tưới nước.', '2022-06-14 16:34:56', 1),
(308, 'iplant0001', 'Tưới nước', 'Đã được tưới nước.', '2022-06-14 16:35:10', 1),
(309, 'iplant0001', 'Tưới nước', 'Đã được tưới nước.', '2022-06-14 16:36:26', 1),
(310, 'iplant0001', 'Tưới nước', 'Đã được tưới nước.', '2022-06-14 16:36:41', 1),
(311, 'iplant0001', 'Tưới nước', 'Đã được tưới nước.', '2022-06-14 16:37:19', 1),
(312, 'iplant0001', 'Tưới nước', 'Đã được tưới nước.', '2022-06-14 16:38:16', 1),
(313, 'iplant0001', 'Tưới nước', 'Đã được tưới nước.', '2022-06-14 16:42:44', 1),
(314, 'iplant0001', 'Tưới nước', 'Đã được tưới nước.', '2022-06-14 16:42:54', 1),
(315, 'iplant0001', 'Tưới nước', 'Đã được tưới nước.', '2022-06-14 16:43:00', 1),
(316, 'iplant0001', 'Tưới nước', 'Đã được tưới nước.', '2022-06-14 16:43:05', 1),
(317, 'iplant0001', 'Tưới nước', 'Đã được tưới nước.', '2022-06-14 16:43:12', 1),
(318, 'iplant0001', 'Tưới nước', 'Đã được tưới nước.', '2022-06-14 16:43:42', 1),
(319, 'iplant0001', 'Tưới nước', 'Đã được tưới nước.', '2022-06-14 16:44:13', 1),
(320, 'iplant0001', 'Tưới nước', 'Đã được tưới nước.', '2022-06-14 16:44:19', 1),
(321, 'iplant0001', 'Tưới nước', 'Đã được tưới nước.', '2022-06-14 16:44:25', 1),
(322, 'iplant0001', 'Tưới nước', 'Đã được tưới nước.', '2022-06-14 23:24:40', 1),
(323, 'iplant0001', 'Tưới nước', 'Đã được tưới nước.', '2022-06-14 23:24:50', 1),
(324, 'iplant0001', 'Tưới nước', 'Đã được tưới nước.', '2022-06-14 23:24:56', 1),
(325, 'iplant0001', 'Tưới nước', 'Đã được tưới nước.', '2022-06-14 23:25:02', 1),
(326, 'iplant0001', 'Tưới nước', 'Đã được tưới nước.', '2022-06-14 23:25:08', 1),
(327, 'iplant0001', 'Tưới nước', 'Đã được tưới nước.', '2022-06-14 23:25:15', 1),
(328, 'iplant0001', 'Tưới nước', 'Đã được tưới nước.', '2022-06-14 23:25:21', 1),
(329, 'iplant0001', 'Tưới nước', 'Đã được tưới nước.', '2022-06-14 23:25:26', 1),
(330, 'iplant0001', 'Tưới nước', 'Đã được tưới nước.', '2022-06-14 23:25:32', 1),
(331, 'iplant0001', 'Tưới nước', 'Đã được tưới nước.', '2022-06-14 23:25:38', 1),
(332, 'iplant0001', 'Tưới nước', 'Đã được tưới nước.', '2022-06-14 23:25:45', 1),
(333, 'iplant0001', 'Tưới nước', 'Đã được tưới nước.', '2022-06-14 23:25:50', 1),
(334, 'iplant0001', 'Tưới nước', 'Đã được tưới nước.', '2022-06-14 23:25:56', 1),
(335, 'iplant0001', 'Tưới nước', 'Đã được tưới nước.', '2022-06-14 23:26:02', 1),
(336, 'iplant0001', 'Tưới nước', 'Đã được tưới nước.', '2022-06-14 23:26:08', 1),
(337, 'iplant0001', 'Tưới nước', 'Đã được tưới nước.', '2022-06-14 23:26:15', 1),
(338, 'iplant0001', 'Tưới nước', 'Đã được tưới nước.', '2022-06-14 23:26:20', 1),
(339, 'iplant0001', 'Tưới nước', 'Đã được tưới nước.', '2022-06-14 23:26:26', 1),
(340, 'iplant0001', 'Tưới nước', 'Đã được tưới nước.', '2022-06-14 23:26:32', 1),
(341, 'iplant0001', 'Tưới nước', 'Đã được tưới nước.', '2022-06-14 23:27:35', 1),
(342, 'iplant0001', 'Tưới nước', 'Đã được tưới nước.', '2022-06-14 23:27:41', 1),
(343, 'iplant0001', 'Tưới nước', 'Đã được tưới nước.', '2022-06-14 23:27:48', 1),
(344, 'iplant0001', 'Tưới nước', 'Đã được tưới nước.', '2022-06-14 23:27:54', 1),
(345, 'iplant0001', 'Tưới nước', 'Đã được tưới nước.', '2022-06-14 23:27:59', 1),
(346, 'iplant0001', 'Tưới nước', 'Đã được tưới nước.', '2022-06-14 23:28:05', 1),
(347, 'iplant0001', 'Tưới nước', 'Đã được tưới nước.', '2022-06-14 23:28:11', 1),
(348, 'iplant0001', 'Tưới nước', 'Đã được tưới nước.', '2022-06-14 23:28:17', 1),
(349, 'iplant0001', 'Tưới nước', 'Đã được tưới nước.', '2022-06-14 23:28:23', 1),
(350, 'iplant0001', 'Tưới nước', 'Đã được tưới nước.', '2022-06-14 23:30:21', 1),
(351, 'iplant0001', 'Tưới nước', 'Đã được tưới nước.', '2022-06-14 23:30:32', 1),
(352, 'iplant0001', 'Tưới nước', 'Đã được tưới nước.', '2022-06-14 23:30:41', 1),
(353, 'iplant0001', 'Tưới nước', 'Đã được tưới nước.', '2022-06-14 23:30:47', 1),
(354, 'iplant0001', 'Tưới nước', 'Đã được tưới nước.', '2022-06-14 23:30:54', 1),
(355, 'iplant0001', 'Tưới nước', 'Đã được tưới nước.', '2022-06-14 23:31:02', 1),
(356, 'iplant0001', 'Tưới nước', 'Đã được tưới nước.', '2022-06-14 23:31:14', 1),
(357, 'iplant0001', 'Tưới nước', 'Đã được tưới nước.', '2022-06-14 23:31:19', 1),
(358, 'iplant0001', 'Tưới nước', 'Đã được tưới nước.', '2022-06-14 23:31:27', 1),
(359, 'iplant0001', 'Tưới nước', 'Đã được tưới nước.', '2022-06-14 23:31:33', 1),
(360, 'iplant0001', 'Tưới nước', 'Đã được tưới nước.', '2022-06-14 23:31:39', 1),
(361, 'iplant0001', 'Tưới nước', 'Đã được tưới nước.', '2022-06-14 23:31:45', 1),
(362, 'iplant0001', 'Tưới nước', 'Đã được tưới nước.', '2022-06-14 23:31:52', 1),
(363, 'iplant0001', 'Tưới nước', 'Đã được tưới nước.', '2022-06-14 23:31:58', 1),
(364, 'iplant0001', 'Tưới nước', 'Đã được tưới nước.', '2022-06-14 23:32:04', 1),
(365, 'iplant0001', 'Tưới nước', 'Đã được tưới nước.', '2022-06-14 23:32:10', 1),
(366, 'iplant0001', 'Tưới nước', 'Đã được tưới nước.', '2022-06-14 23:32:16', 1),
(367, 'iplant0001', 'Tưới nước', 'Đã được tưới nước.', '2022-06-14 23:32:23', 1),
(368, 'iplant0001', 'Tưới nước', 'Đã được tưới nước.', '2022-06-14 23:32:30', 1),
(369, 'iplant0001', 'Tưới nước', 'Đã được tưới nước.', '2022-06-14 23:32:36', 1),
(370, 'iplant0001', 'Tưới nước', 'Đã được tưới nước.', '2022-06-14 23:32:42', 1),
(371, 'iplant0001', 'Tưới nước', 'Đã được tưới nước.', '2022-06-14 23:32:47', 1),
(372, 'iplant0001', 'Tưới nước', 'Đã được tưới nước.', '2022-06-14 23:32:53', 1),
(373, 'iplant0001', 'Tưới nước', 'Đã được tưới nước.', '2022-06-14 23:32:59', 1),
(374, 'iplant0001', 'Tưới nước', 'Đã được tưới nước.', '2022-06-14 23:33:05', 1),
(375, 'iplant0001', 'Tưới nước', 'Đã được tưới nước.', '2022-06-14 23:33:11', 1),
(376, 'iplant0001', 'Tưới nước', 'Đã được tưới nước.', '2022-06-14 23:33:17', 1),
(377, 'iplant0001', 'Tưới nước', 'Đã được tưới nước.', '2022-06-14 23:33:27', 1),
(378, 'iplant0001', 'Tưới nước', 'Đã được tưới nước.', '2022-06-14 23:33:33', 1),
(379, 'iplant0001', 'Tưới nước', 'Đã được tưới nước.', '2022-06-14 23:33:40', 1),
(380, 'iplant0001', 'Tưới nước', 'Đã được tưới nước.', '2022-06-14 23:34:00', 1),
(381, 'iplant0001', 'Tưới nước', 'Đã được tưới nước.', '2022-06-14 23:59:12', 1),
(382, 'iplant0001', 'Tưới nước', 'Đã được tưới nước.', '2022-06-15 00:03:11', 1),
(383, 'iplant0001', 'Tưới nước', 'Đã được tưới nước.', '2022-06-15 00:05:07', 1),
(384, 'iplant0001', 'Tưới nước', 'Đã được tưới nước.', '2022-06-15 00:05:40', 1),
(385, 'iplant0001', 'Tưới nước', 'Đã được tưới nước.', '2022-06-15 00:05:46', 1),
(386, 'iplant0001', 'Tưới nước', 'Đã được tưới nước.', '2022-06-15 00:05:53', 1),
(387, 'iplant0001', 'Tưới nước', 'Đã được tưới nước.', '2022-06-15 00:07:07', 1),
(388, 'iplant0001', 'Tưới nước', 'Đã được tưới nước.', '2022-06-15 00:07:12', 1),
(389, 'iplant0001', 'Tưới nước', 'Đã được tưới nước.', '2022-06-15 00:07:18', 1),
(390, 'iplant0001', 'Tưới nước', 'Đã được tưới nước.', '2022-06-15 00:07:25', 1),
(391, 'iplant0001', 'Tưới nước', 'Đã được tưới nước.', '2022-06-15 00:07:31', 1),
(392, 'iplant0001', 'Tưới nước', 'Đã được tưới nước.', '2022-06-15 00:07:40', 1),
(393, 'iplant0001', 'Tưới nước', 'Đã được tưới nước.', '2022-06-15 00:07:46', 1),
(394, 'iplant0001', 'Tưới nước', 'Đã được tưới nước.', '2022-06-15 00:08:15', 1),
(395, 'iplant0001', 'Tưới nước', 'Đã được tưới nước.', '2022-06-15 00:08:39', 1),
(396, 'iplant0001', 'Tưới nước', 'Đã được tưới nước.', '2022-06-15 00:09:26', 1),
(397, 'iplant0001', 'Tưới nước', 'Đã được tưới nước.', '2022-06-15 00:10:42', 1),
(398, 'iplant0001', 'Tưới nước', 'Đã được tưới nước.', '2022-06-15 00:10:44', 1),
(399, 'iplant0001', 'Tưới nước', 'Đã được tưới nước.', '2022-06-15 00:10:59', 1),
(400, 'iplant0001', 'Tưới nước', 'Đã được tưới nước.', '2022-06-15 00:11:10', 1),
(401, 'iplant0001', 'Tưới nước', 'Đã được tưới nước.', '2022-06-15 00:11:16', 1),
(402, 'iplant0001', 'Tưới nước', 'Đã được tưới nước.', '2022-06-15 00:40:06', 1),
(403, 'iplant0001', 'Tưới nước', 'Đã được tưới nước.', '2022-06-15 00:40:25', 1),
(404, 'iplant0001', 'Tưới nước', 'Đã được tưới nước.', '2022-06-15 00:46:26', 1),
(405, 'iplant0001', 'Tưới nước', 'Đã được tưới nước.', '2022-06-15 00:46:50', 1),
(406, 'iplant0001', 'Tưới nước', 'Đã được tưới nước.', '2022-06-15 01:01:14', 1),
(407, 'iplant0001', 'Tưới nước', 'Đã được tưới nước.', '2022-06-15 01:02:02', 1),
(408, 'iplant0001', 'Tưới nước', 'Đã được tưới nước.', '2022-06-15 01:07:16', 1),
(409, 'iplant0001', 'Tưới nước', 'Đã được tưới nước.', '2022-06-15 01:09:30', 1),
(410, 'iplant0001', 'Tưới nước', 'Đã được tưới nước.', '2022-06-15 01:09:47', 1),
(411, 'iplant0001', 'Tưới nước', 'Đã được tưới nước.', '2022-06-15 01:09:56', 1),
(412, 'iplant0001', 'Tưới nước', 'Đã được tưới nước.', '2022-06-15 01:41:36', 1),
(413, 'iplant0001', 'Tưới nước', 'Đã được tưới nước.', '2022-06-15 01:42:01', 1),
(414, 'iplant0001', 'Tưới nước', 'Đã được tưới nước.', '2022-06-15 01:43:11', 1),
(415, 'iplant0001', 'Tưới nước', 'Đã được tưới nước.', '2022-06-15 01:43:31', 1),
(416, 'iplant0001', 'Tưới nước', 'Đã được tưới nước.', '2022-06-15 01:44:00', 1),
(417, 'iplant0001', 'Tưới nước', 'Đã được tưới nước.', '2022-06-15 01:44:58', 1),
(418, 'iplant0001', 'Tưới nước', 'Đã được tưới nước.', '2022-06-15 01:45:14', 1),
(419, 'iplant0001', 'Tưới nước', 'Đã được tưới nước.', '2022-06-15 01:47:59', 1),
(420, 'iplant0001', 'Tưới nước', 'Đã được tưới nước.', '2022-06-15 01:49:17', 1),
(421, 'iplant0001', 'Tưới nước', 'Đã được tưới nước.', '2022-06-15 01:50:41', 1),
(422, 'iplant0001', 'Tưới nước', 'Đã được tưới nước.', '2022-06-15 01:51:36', 1),
(423, 'iplant0001', 'Tưới nước', 'Đã được tưới nước.', '2022-06-15 01:53:06', 1),
(424, 'iplant0001', 'Tưới nước', 'Đã được tưới nước.', '2022-06-15 01:53:55', 1),
(425, 'iplant0001', 'Tưới nước', 'Đã được tưới nước.', '2022-06-15 01:54:20', 1),
(426, 'iplant0001', 'Tưới nước', 'Đã được tưới nước.', '2022-06-15 02:29:46', 1),
(427, 'iplant0001', 'Tưới nước', 'Đã được tưới nước.', '2022-06-15 02:30:00', 1),
(428, 'iplant0001', 'Tưới nước', 'Đã được tưới nước.', '2022-06-15 02:30:30', 1),
(429, 'iplant0001', 'Tưới nước', 'Đã được tưới nước.', '2022-06-15 02:31:06', 1),
(430, 'iplant0001', 'Tưới nước', 'Đã được tưới nước.', '2022-06-15 02:31:40', 1),
(431, 'iplant0001', 'Tưới nước', 'Đã được tưới nước.', '2022-06-15 02:32:23', 1),
(432, 'iplant0001', 'Tưới nước', 'Đã được tưới nước.', '2022-06-15 02:32:31', 1),
(433, 'iplant0001', 'Tưới nước', 'Đã được tưới nước.', '2022-06-15 02:32:40', 1),
(434, 'iplant0001', 'Tưới nước', 'Đã được tưới nước.', '2022-06-15 02:32:48', 1),
(435, 'iplant0001', 'Tưới nước', 'Đã được tưới nước.', '2022-06-15 02:32:57', 1),
(436, 'iplant0001', 'Tưới nước', 'Đã được tưới nước.', '2022-06-15 02:33:04', 1),
(437, 'iplant0001', 'Tưới nước', 'Đã được tưới nước.', '2022-06-15 02:33:14', 1),
(438, 'iplant0001', 'Tưới nước', 'Đã được tưới nước.', '2022-06-15 02:33:36', 1),
(439, 'iplant0001', 'Tưới nước', 'Đã được tưới nước.', '2022-06-15 02:33:50', 1),
(440, 'iplant0001', 'Tưới nước', 'Đã được tưới nước.', '2022-06-15 02:34:00', 1),
(441, 'iplant0001', 'Tưới nước', 'Đã được tưới nước.', '2022-06-15 02:34:37', 1),
(442, 'iplant0001', 'Tưới nước', 'Đã được tưới nước.', '2022-06-15 02:36:09', 1),
(443, 'iplant0001', 'Tưới nước', 'Đã được tưới nước.', '2022-06-15 02:37:30', 1),
(444, 'iplant0001', 'Tưới nước', 'Đã được tưới nước.', '2022-06-15 02:41:19', 1),
(445, 'iplant0001', 'Tưới nước', 'Đã được tưới nước.', '2022-06-15 02:41:30', 1),
(446, 'iplant0001', 'Tưới nước', 'Đã được tưới nước.', '2022-06-15 02:42:52', 1),
(447, 'iplant0001', 'Tưới nước', 'Đã được tưới nước.', '2022-06-15 02:43:36', 1),
(448, 'iplant0001', 'Tưới nước', 'Đã được tưới nước.', '2022-06-15 02:43:48', 1),
(449, 'iplant0001', 'Tưới nước', 'Đã được tưới nước.', '2022-06-15 02:44:56', 1),
(450, 'iplant0001', 'Tưới nước', 'Đã được tưới nước.', '2022-06-15 02:45:17', 1),
(451, 'iplant0001', 'Tưới nước', 'Đã được tưới nước.', '2022-06-15 02:46:09', 1),
(452, 'iplant0001', 'Tưới nước', 'Đã được tưới nước.', '2022-06-15 02:46:24', 1),
(453, 'iplant0001', 'Tưới nước', 'Đã được tưới nước.', '2022-06-15 02:47:20', 1),
(454, 'iplant0001', 'Tưới nước', 'Đã được tưới nước.', '2022-06-15 02:52:01', 1),
(455, 'iplant0001', 'Tưới nước', 'Đã được tưới nước.', '2022-06-15 02:52:30', 1),
(456, 'iplant0001', 'Tưới nước', 'Đã được tưới nước.', '2022-06-15 02:53:20', 1),
(457, 'iplant0001', 'Tưới nước', 'Đã được tưới nước.', '2022-06-15 03:05:53', 1),
(458, 'iplant0001', 'Tưới nước', 'Đã được tưới nước.', '2022-06-15 03:09:55', 0),
(459, 'iplant0001', 'Tưới nước', 'Đã được tưới nước.', '2022-06-15 03:11:03', 0),
(460, 'iplant0001', 'Tưới nước', 'Đã được tưới nước.', '2022-06-15 03:42:09', 0),
(461, 'iplant0001', 'Tưới nước', 'Đã được tưới nước.', '2022-06-15 03:43:10', 0),
(462, 'iplant0001', 'Tưới nước', 'Đã được tưới nước.', '2022-06-15 03:44:13', 0);

-- --------------------------------------------------------

--
-- Table structure for table `owned`
--

CREATE TABLE `owned` (
  `id` int(11) NOT NULL,
  `username` varchar(25) COLLATE utf8mb4_unicode_ci NOT NULL,
  `imei` varchar(10) COLLATE utf8mb4_unicode_ci NOT NULL,
  `token` varchar(20) COLLATE utf8mb4_unicode_ci NOT NULL,
  `created_at` datetime NOT NULL DEFAULT current_timestamp()
) ENGINE=InnoDB DEFAULT CHARSET=utf8mb4 COLLATE=utf8mb4_unicode_ci;

--
-- Dumping data for table `owned`
--

INSERT INTO `owned` (`id`, `username`, `imei`, `token`, `created_at`) VALUES
(67, 'admin', 'iplant0001', 'woHZlwjBaj', '2022-06-14 17:22:39'),
(72, 'ogata', 'ixhHI8bUQ7', 'jmQEXats0W', '2022-06-14 18:10:11'),
(75, 'ogata', 'hzOfmSwZHN', 'V3HO3NWp1f', '2022-06-14 22:34:41'),
(76, 'ogata', 'iplant0001', 'KQ8gOedFyw', '2022-06-14 23:58:29'),
(77, 'admin', '4Hzknhw7P3', '4k16XWOOCT', '2022-06-15 00:34:04'),
(83, 'ngtrdai', 'iplant0001', 'IDw71OGaeJ', '2022-06-15 03:41:58'),
(84, 'ogata', '4Hzknhw7P3', 'NmxtnqGOkz', '2022-06-15 03:48:47');

-- --------------------------------------------------------

--
-- Table structure for table `plants`
--

CREATE TABLE `plants` (
  `imei` varchar(10) COLLATE utf8mb4_unicode_ci NOT NULL,
  `img_url` enum('img_iplant_1','img_iplant_2','img_iplant_3','img_iplant_4','img_iplant_5') COLLATE utf8mb4_unicode_ci DEFAULT 'img_iplant_1',
  `name` varchar(100) COLLATE utf8mb4_unicode_ci NOT NULL DEFAULT 'Chậu cây của tôi',
  `token` varchar(20) COLLATE utf8mb4_unicode_ci NOT NULL,
  `qr_code` varchar(500) COLLATE utf8mb4_unicode_ci NOT NULL,
  `is_connected` int(1) NOT NULL DEFAULT 0
) ENGINE=InnoDB DEFAULT CHARSET=utf8mb4 COLLATE=utf8mb4_unicode_ci;

--
-- Dumping data for table `plants`
--

INSERT INTO `plants` (`imei`, `img_url`, `name`, `token`, `qr_code`, `is_connected`) VALUES
('4Hzknhw7P3', 'img_iplant_3', 'Chậu nhà bếp', 'XPZmcr4WhVJgtWdZbG8n', 'https://api.qrserver.com/v1/create-qr-code/?size=250x250&data=4Hzknhw7P3', 0),
('hzOfmSwZHN', 'img_iplant_2', 'Chậu cây của tôi', 'ErTDhgSq8KT6xDfZ1YdT', 'https://api.qrserver.com/v1/create-qr-code/?size=250x250&data=hzOfmSwZHN', 0),
('iplant0001', 'img_iplant_2', 'Chậu cây phòng khách', 'Fn5ftNSgfC', 'https://api.qrserver.com/v1/create-qr-code/?size=250x250&data=iplant0001', 1),
('iplant0002', 'img_iplant_3', 'Chậu phòng khách', 'Fn6xtNSgfC', 'https://api.qrserver.com/v1/create-qr-code/?size=250x250&data=iplant0002', 0),
('ixhHI8bUQ7', 'img_iplant_4', 'Chậu cây của tôi', 'id7ZCwu9kBQ2mYMBSR6P', 'https://api.qrserver.com/v1/create-qr-code/?size=250x250&data=ixhHI8bUQ7', 0),
('kZ1jZpZTlW', 'img_iplant_5', 'Chậu cây của tôi', 'BlNWOy8MlN37scW0DmLN', 'https://api.qrserver.com/v1/create-qr-code/?size=250x250&data=kZ1jZpZTlW', 0),
('q5QASx3d1Z', 'img_iplant_1', 'Chậu cây của tôi', 'err6qtxsOcWNgtksaPjA', 'https://api.qrserver.com/v1/create-qr-code/?size=250x250&data=q5QASx3d1Z', 0),
('uWjOydUDtd', 'img_iplant_2', 'Chậu cây của tôi', 'By95rlvimibTFLqGKhNU', 'https://api.qrserver.com/v1/create-qr-code/?size=250x250&data=uWjOydUDtd', 0);

-- --------------------------------------------------------

--
-- Table structure for table `pump`
--

CREATE TABLE `pump` (
  `id` int(11) NOT NULL,
  `imei` varchar(10) COLLATE utf8mb4_unicode_ci NOT NULL,
  `level` enum('high','medium','low') COLLATE utf8mb4_unicode_ci NOT NULL DEFAULT 'low'
) ENGINE=InnoDB DEFAULT CHARSET=utf8mb4 COLLATE=utf8mb4_unicode_ci;

--
-- Dumping data for table `pump`
--

INSERT INTO `pump` (`id`, `imei`, `level`) VALUES
(1, '4Hzknhw7P3', 'low'),
(2, 'uWjOydUDtd', 'low'),
(4, 'ixhHI8bUQ7', 'low'),
(5, 'hzOfmSwZHN', 'low');

-- --------------------------------------------------------

--
-- Table structure for table `sensors`
--

CREATE TABLE `sensors` (
  `id` int(11) NOT NULL,
  `imei` varchar(10) COLLATE utf8mb4_unicode_ci NOT NULL,
  `soil_moisture` float(6,2) NOT NULL DEFAULT 0.00,
  `temperature_env` float(4,2) NOT NULL DEFAULT 0.00,
  `light_sensor` float(6,2) NOT NULL DEFAULT 0.00,
  `water_level` enum('full','medium','low','warning') COLLATE utf8mb4_unicode_ci DEFAULT 'warning',
  `updated_at` datetime NOT NULL DEFAULT current_timestamp() ON UPDATE current_timestamp()
) ENGINE=InnoDB DEFAULT CHARSET=utf8mb4 COLLATE=utf8mb4_unicode_ci;

--
-- Dumping data for table `sensors`
--

INSERT INTO `sensors` (`id`, `imei`, `soil_moisture`, `temperature_env`, `light_sensor`, `water_level`, `updated_at`) VALUES
(1, 'iplant0001', 75.00, 30.00, 550.00, 'medium', '2022-05-29 13:36:51'),
(2, 'iplant0001', 56.00, 31.00, 235.00, 'medium', '2022-05-29 13:37:12'),
(3, 'iplant0002', 80.00, 23.00, 12.00, 'medium', '2022-05-30 12:53:18'),
(4, 'iplant0002', 80.00, 25.00, 123.00, 'full', '2022-05-30 12:53:43'),
(5, '4Hzknhw7P3', 85.00, 31.00, 235.00, 'medium', '2022-06-01 02:44:31'),
(6, '4Hzknhw7P3', 86.00, 30.00, 123.00, 'full', '2022-06-01 02:44:48'),
(7, 'q5QASx3d1Z', 85.00, 24.00, 523.00, 'low', '2022-06-01 02:45:12'),
(8, 'q5QASx3d1Z', 54.00, 25.00, 235.00, 'warning', '2022-06-01 02:46:08'),
(9, 'uWjOydUDtd', 0.00, 0.00, 0.00, 'warning', '2022-06-03 06:06:46'),
(10, 'ixhHI8bUQ7', 0.00, 0.00, 0.00, 'warning', '2022-06-03 13:20:26'),
(11, 'hzOfmSwZHN', 0.00, 0.00, 0.00, 'warning', '2022-06-07 01:36:56'),
(17, 'iplant0001', 0.00, 30.50, 7.00, 'medium', '2022-06-14 15:27:33'),
(18, 'iplant0001', 0.00, 30.50, 7.00, 'medium', '2022-06-14 15:27:38'),
(19, 'iplant0001', 0.00, 30.50, 7.00, 'medium', '2022-06-14 15:27:43'),
(20, 'iplant0001', 19.00, 30.50, 7.00, 'medium', '2022-06-14 15:27:48'),
(21, 'iplant0001', 18.00, 30.50, 7.00, 'medium', '2022-06-14 15:27:53'),
(22, 'iplant0001', 19.00, 30.50, 7.00, 'medium', '2022-06-14 15:27:59'),
(23, 'iplant0001', 20.00, 30.50, 7.00, 'medium', '2022-06-14 15:28:04'),
(24, 'iplant0001', 21.00, 30.50, 253.00, 'medium', '2022-06-14 15:28:09'),
(25, 'iplant0001', 21.00, 30.50, 7.00, 'medium', '2022-06-14 15:28:14'),
(26, 'iplant0001', 22.00, 30.50, 7.00, 'medium', '2022-06-14 15:28:20'),
(27, 'iplant0001', 41.00, 30.50, 7.00, 'medium', '2022-06-14 15:28:25'),
(28, 'iplant0001', 39.00, 30.50, 7.00, 'medium', '2022-06-14 15:28:30'),
(29, 'iplant0001', 22.00, 30.50, 7.00, 'medium', '2022-06-14 15:28:35'),
(30, 'iplant0001', 20.00, 30.50, 7.00, 'medium', '2022-06-14 15:28:40'),
(31, 'iplant0001', 39.00, 30.50, 1600.00, 'medium', '2022-06-14 15:28:45'),
(32, 'iplant0001', 41.00, 30.50, 1473.00, 'medium', '2022-06-14 15:28:51'),
(33, 'iplant0001', 24.00, 30.50, 2.00, 'medium', '2022-06-14 15:28:56'),
(34, 'iplant0001', 23.00, 30.50, 2.00, 'medium', '2022-06-14 15:29:01'),
(35, 'iplant0001', 0.00, 30.50, 2.00, 'medium', '2022-06-14 15:29:06'),
(36, 'iplant0001', 0.00, 30.50, 2.00, 'medium', '2022-06-14 15:29:11'),
(37, 'iplant0001', 0.00, 30.50, 2.00, 'medium', '2022-06-14 15:29:16'),
(38, 'iplant0001', 10.00, 30.50, 1587.00, 'medium', '2022-06-14 15:29:22'),
(39, 'iplant0001', 0.00, 30.50, 2.00, 'medium', '2022-06-14 15:29:27'),
(40, 'iplant0001', 0.00, 30.50, 2.00, 'medium', '2022-06-14 15:29:32'),
(41, 'iplant0001', 0.00, 30.50, 2.00, 'medium', '2022-06-14 15:29:37'),
(42, 'iplant0001', 0.00, 30.50, 2.00, 'low', '2022-06-14 15:47:21'),
(43, 'iplant0001', 12.00, 30.50, 840.00, 'low', '2022-06-14 15:47:26'),
(44, 'iplant0001', 12.00, 30.50, 814.00, 'low', '2022-06-14 15:47:31'),
(45, 'iplant0001', 12.00, 30.50, 806.00, 'low', '2022-06-14 15:47:36'),
(46, 'iplant0001', 12.00, 30.50, 801.00, 'low', '2022-06-14 15:47:41'),
(47, 'iplant0001', 12.00, 30.50, 799.00, 'medium', '2022-06-14 15:47:46'),
(48, 'iplant0001', 12.00, 30.50, 760.00, 'medium', '2022-06-14 15:47:51'),
(49, 'iplant0001', 12.00, 30.50, 756.00, 'medium', '2022-06-14 15:47:56'),
(50, 'iplant0001', 12.00, 30.50, 775.00, 'medium', '2022-06-14 15:48:01'),
(51, 'iplant0001', 12.00, 30.50, 806.00, 'medium', '2022-06-14 15:48:06'),
(52, 'iplant0001', 12.00, 30.50, 756.00, 'warning', '2022-06-14 15:48:12'),
(53, 'iplant0001', 12.00, 30.50, 769.00, 'warning', '2022-06-14 15:48:17'),
(54, 'iplant0001', 12.00, 30.50, 795.00, 'medium', '2022-06-14 15:48:48'),
(55, 'iplant0001', 12.00, 30.50, 793.00, 'medium', '2022-06-14 15:48:53'),
(56, 'iplant0001', 12.00, 30.50, 791.00, 'medium', '2022-06-14 15:48:58'),
(57, 'iplant0001', 12.00, 30.50, 792.00, 'medium', '2022-06-14 15:49:03'),
(58, 'iplant0001', 0.00, 30.50, 2.00, 'medium', '2022-06-14 15:49:08'),
(59, 'iplant0001', 0.00, 30.50, 2.00, 'medium', '2022-06-14 15:49:13'),
(60, 'iplant0001', 0.00, 30.50, 2.00, 'medium', '2022-06-14 15:49:18'),
(61, 'iplant0001', 0.00, 30.50, 2.00, 'medium', '2022-06-14 15:49:23'),
(62, 'iplant0001', 0.00, 30.50, 2.00, 'medium', '2022-06-14 15:49:28'),
(63, 'iplant0001', 2.00, 30.50, 2.00, 'medium', '2022-06-14 15:49:34'),
(64, 'iplant0001', 11.00, 30.50, 931.00, 'medium', '2022-06-14 15:49:39'),
(65, 'iplant0001', 0.00, 30.50, 2.00, 'medium', '2022-06-14 15:49:44'),
(66, 'iplant0001', 0.00, 30.50, 4.00, 'low', '2022-06-14 15:55:04'),
(67, 'iplant0001', 77.00, 30.50, 4.00, 'low', '2022-06-14 15:55:09'),
(68, 'iplant0001', 77.00, 30.50, 4.00, 'low', '2022-06-14 15:55:14'),
(69, 'iplant0001', 77.00, 30.50, 4.00, 'low', '2022-06-14 15:55:19'),
(70, 'iplant0001', 77.00, 30.50, 4.00, 'medium', '2022-06-14 15:55:25'),
(71, 'iplant0001', 94.00, 30.50, 6.00, 'medium', '2022-06-14 16:14:50'),
(72, 'iplant0001', 88.00, 30.50, 6.00, 'medium', '2022-06-14 16:14:55'),
(73, 'iplant0001', 87.00, 30.50, 6.00, 'medium', '2022-06-14 16:15:00'),
(74, 'iplant0001', 87.00, 30.50, 6.00, 'medium', '2022-06-14 16:15:06'),
(75, 'iplant0001', 87.00, 30.50, 6.00, 'medium', '2022-06-14 16:15:11'),
(76, 'iplant0001', 87.00, 30.50, 6.00, 'medium', '2022-06-14 16:15:16'),
(77, 'iplant0001', 87.00, 30.50, 6.00, 'medium', '2022-06-14 16:15:21'),
(78, 'iplant0001', 87.00, 30.50, 6.00, 'medium', '2022-06-14 16:15:26'),
(79, 'iplant0001', 87.00, 30.50, 6.00, 'medium', '2022-06-14 16:15:31'),
(80, 'iplant0001', 87.00, 30.50, 6.00, 'medium', '2022-06-14 16:15:36'),
(81, 'iplant0001', 87.00, 30.50, 6.00, 'medium', '2022-06-14 16:15:42'),
(82, 'iplant0001', 87.00, 30.50, 5.00, 'medium', '2022-06-14 16:15:47'),
(83, 'iplant0001', 87.00, 30.50, 8.00, 'medium', '2022-06-14 16:15:52'),
(84, 'iplant0001', 87.00, 30.50, 7238.00, 'medium', '2022-06-14 16:15:57'),
(85, 'iplant0001', 0.00, 30.50, 1.00, 'medium', '2022-06-14 16:16:02'),
(86, 'iplant0001', 77.00, 30.50, 1.00, 'medium', '2022-06-14 16:16:34'),
(87, 'iplant0001', 88.00, 30.50, 45.00, 'medium', '2022-06-14 16:16:44'),
(88, 'iplant0001', 87.00, 30.50, 10.00, 'medium', '2022-06-14 16:16:49'),
(89, 'iplant0001', 87.00, 30.50, 11.00, 'medium', '2022-06-14 16:16:54'),
(90, 'iplant0001', 87.00, 30.50, 2.00, 'medium', '2022-06-14 16:16:59'),
(91, 'iplant0001', 87.00, 30.50, 2.00, 'medium', '2022-06-14 16:17:04'),
(92, 'iplant0001', 87.00, 30.50, 2.00, 'medium', '2022-06-14 16:17:09'),
(93, 'iplant0001', 87.00, 30.50, 2.00, 'medium', '2022-06-14 16:17:15'),
(94, 'iplant0001', 87.00, 30.50, 2.00, 'medium', '2022-06-14 16:17:21'),
(95, 'iplant0001', 87.00, 30.50, 1.00, 'medium', '2022-06-14 16:17:26'),
(96, 'iplant0001', 84.00, 30.50, 1.00, 'medium', '2022-06-14 16:17:31'),
(97, 'iplant0001', 100.00, 30.50, 1.00, 'medium', '2022-06-14 16:17:36'),
(98, 'iplant0001', 84.00, 30.50, 1.00, 'medium', '2022-06-14 16:17:42'),
(99, 'iplant0001', 81.00, 30.50, 1.00, 'medium', '2022-06-14 16:17:47'),
(100, 'iplant0001', 78.00, 30.50, 1.00, 'medium', '2022-06-14 16:17:52'),
(101, 'iplant0001', 96.00, 30.50, 1.00, 'medium', '2022-06-14 16:17:57'),
(102, 'iplant0001', 94.00, 30.50, 1.00, 'medium', '2022-06-14 16:18:02'),
(103, 'iplant0001', 91.00, 30.50, 1.00, 'medium', '2022-06-14 16:18:07'),
(104, 'iplant0001', 87.00, 30.50, 1.00, 'medium', '2022-06-14 16:18:12'),
(105, 'iplant0001', 93.00, 30.50, 1.00, 'medium', '2022-06-14 16:18:36'),
(106, 'iplant0001', 87.00, 30.50, 3289.00, 'medium', '2022-06-14 16:18:42'),
(107, 'iplant0001', 87.00, 30.50, 3221.00, 'medium', '2022-06-14 16:18:47'),
(108, 'iplant0001', 58.00, 30.50, 3159.00, 'medium', '2022-06-14 16:18:52'),
(109, 'iplant0001', 59.00, 30.50, 3031.00, 'medium', '2022-06-14 16:18:57'),
(110, 'iplant0001', 100.00, 30.50, 3051.00, 'medium', '2022-06-14 16:19:02'),
(111, 'iplant0001', 87.00, 30.50, 3217.00, 'medium', '2022-06-14 16:19:07'),
(112, 'iplant0001', 87.00, 30.50, 3190.00, 'medium', '2022-06-14 16:19:12'),
(113, 'iplant0001', 80.00, 30.50, 5897.00, 'medium', '2022-06-14 16:19:55'),
(114, 'iplant0001', 88.00, 30.50, 406.00, 'medium', '2022-06-14 16:20:02'),
(115, 'iplant0001', 84.00, 30.50, 1712.00, 'medium', '2022-06-14 16:20:07'),
(116, 'iplant0001', 88.00, 30.50, 1815.00, 'medium', '2022-06-14 16:20:12'),
(117, 'iplant0001', 62.00, 30.50, 1798.00, 'medium', '2022-06-14 16:20:17'),
(118, 'iplant0001', 84.00, 30.50, 1694.00, 'medium', '2022-06-14 16:20:22'),
(119, 'iplant0001', 85.00, 30.50, 1698.00, 'medium', '2022-06-14 16:20:41'),
(120, 'iplant0001', 100.00, 30.50, 1.00, 'medium', '2022-06-14 16:20:48'),
(121, 'iplant0001', 100.00, 30.50, 0.00, 'medium', '2022-06-14 16:20:59'),
(122, 'iplant0001', 100.00, 30.50, 0.00, 'medium', '2022-06-14 16:21:34'),
(123, 'iplant0001', 88.00, 30.50, 0.00, 'medium', '2022-06-14 16:21:49'),
(124, 'iplant0001', 13.00, 30.50, 0.00, 'medium', '2022-06-14 16:24:44'),
(125, 'iplant0001', 0.00, 30.50, 2948.00, 'medium', '2022-06-14 16:25:27'),
(126, 'iplant0001', 0.00, 30.50, 0.00, 'medium', '2022-06-14 16:25:32'),
(127, 'iplant0001', 0.00, 30.50, 0.00, 'medium', '2022-06-14 16:25:37'),
(128, 'iplant0001', 0.00, 30.50, 0.00, 'medium', '2022-06-14 16:25:42'),
(129, 'iplant0001', 0.00, 30.50, 0.00, 'medium', '2022-06-14 16:25:47'),
(130, 'iplant0001', 0.00, 30.50, 0.00, 'medium', '2022-06-14 16:25:52'),
(131, 'iplant0001', 0.00, 30.50, 0.00, 'medium', '2022-06-14 16:25:57'),
(132, 'iplant0001', 0.00, 30.50, 1.00, 'medium', '2022-06-14 16:26:02'),
(133, 'iplant0001', 0.00, 30.50, 1.00, 'medium', '2022-06-14 16:26:07'),
(134, 'iplant0001', 21.00, 30.50, 0.00, 'medium', '2022-06-14 16:26:13'),
(135, 'iplant0001', 0.00, 30.50, 1.00, 'medium', '2022-06-14 16:26:18'),
(136, 'iplant0001', 0.00, 30.50, 1.00, 'medium', '2022-06-14 16:26:23'),
(137, 'iplant0001', 0.00, 30.50, 1.00, 'medium', '2022-06-14 16:26:28'),
(138, 'iplant0001', 0.00, 30.50, 1.00, 'medium', '2022-06-14 16:26:33'),
(139, 'iplant0001', 0.00, 30.50, 1.00, 'medium', '2022-06-14 16:26:38'),
(140, 'iplant0001', 0.00, 30.50, 1.00, 'medium', '2022-06-14 16:26:43'),
(141, 'iplant0001', 0.00, 30.50, 1.00, 'medium', '2022-06-14 16:26:48'),
(142, 'iplant0001', 0.00, 30.50, 1.00, 'medium', '2022-06-14 16:26:53'),
(143, 'iplant0001', 0.00, 30.50, 1.00, 'medium', '2022-06-14 16:26:58'),
(144, 'iplant0001', 0.00, 30.50, 1.00, 'medium', '2022-06-14 16:27:03'),
(145, 'iplant0001', 0.00, 30.50, 1.00, 'medium', '2022-06-14 16:27:08'),
(146, 'iplant0001', 0.00, 30.50, 1.00, 'medium', '2022-06-14 16:27:13'),
(147, 'iplant0001', 0.00, 30.50, 1.00, 'medium', '2022-06-14 16:27:18'),
(148, 'iplant0001', 0.00, 30.50, 0.00, 'medium', '2022-06-14 16:27:23'),
(149, 'iplant0001', 14.00, 30.50, 2872.00, 'medium', '2022-06-14 16:27:37'),
(150, 'iplant0001', 11.00, 30.50, 2979.00, 'medium', '2022-06-14 16:27:43'),
(151, 'iplant0001', 47.00, 30.50, 2685.00, 'medium', '2022-06-14 16:27:48'),
(152, 'iplant0001', 45.00, 30.50, 2650.00, 'medium', '2022-06-14 16:27:53'),
(153, 'iplant0001', 43.00, 30.50, 2624.00, 'medium', '2022-06-14 16:27:58'),
(154, 'iplant0001', 45.00, 30.50, 2599.00, 'medium', '2022-06-14 16:28:03'),
(155, 'iplant0001', 47.00, 30.50, 2580.00, 'medium', '2022-06-14 16:28:09'),
(156, 'iplant0001', 25.00, 30.50, 2522.00, 'medium', '2022-06-14 16:28:14'),
(157, 'iplant0001', 34.00, 30.50, 2502.00, 'medium', '2022-06-14 16:28:19'),
(158, 'iplant0001', 34.00, 30.50, 2738.00, 'medium', '2022-06-14 16:28:24'),
(159, 'iplant0001', 30.00, 30.50, 2533.00, 'medium', '2022-06-14 16:28:29'),
(160, 'iplant0001', 33.00, 30.50, 2532.00, 'medium', '2022-06-14 16:28:35'),
(161, 'iplant0001', 32.00, 30.50, 2530.00, 'medium', '2022-06-14 16:28:40'),
(162, 'iplant0001', 18.00, 30.50, 2455.00, 'medium', '2022-06-14 16:29:54'),
(163, 'iplant0001', 30.00, 30.50, 2642.00, 'medium', '2022-06-14 16:29:59'),
(164, 'iplant0001', 39.00, 30.50, 2474.00, 'medium', '2022-06-14 16:30:04'),
(165, 'iplant0001', 41.00, 30.50, 2602.00, 'medium', '2022-06-14 16:30:10'),
(166, 'iplant0001', 40.00, 30.50, 2432.00, 'medium', '2022-06-14 16:30:15'),
(167, 'iplant0001', 41.00, 30.50, 1.00, 'medium', '2022-06-14 16:30:20'),
(168, 'iplant0001', 12.00, 30.50, 2198.00, 'medium', '2022-06-14 16:30:25'),
(169, 'iplant0001', 15.00, 30.50, 1842.00, 'medium', '2022-06-14 16:31:12'),
(170, 'iplant0001', 0.00, 30.50, 0.00, 'medium', '2022-06-14 16:31:17'),
(171, 'iplant0001', 26.00, 30.50, 3176.00, 'medium', '2022-06-14 16:31:22'),
(172, 'iplant0001', 0.00, 30.50, 0.00, 'medium', '2022-06-14 16:31:28'),
(173, 'iplant0001', 30.00, 30.50, 3181.00, 'medium', '2022-06-14 16:31:33'),
(174, 'iplant0001', 27.00, 30.50, 0.00, 'medium', '2022-06-14 16:31:38'),
(175, 'iplant0001', 18.00, 30.50, 0.00, 'medium', '2022-06-14 16:31:49'),
(176, 'iplant0001', 33.00, 30.50, 3246.00, 'medium', '2022-06-14 16:31:54'),
(177, 'iplant0001', 0.00, 30.50, 0.00, 'medium', '2022-06-14 16:31:59'),
(178, 'iplant0001', 15.00, 30.50, 2927.00, 'medium', '2022-06-14 16:33:12'),
(179, 'iplant0001', 0.00, 30.50, 0.00, 'medium', '2022-06-14 16:33:17'),
(180, 'iplant0001', 15.00, 30.50, 3072.00, 'medium', '2022-06-14 16:33:22'),
(181, 'iplant0001', 0.00, 30.50, 0.00, 'medium', '2022-06-14 16:33:27'),
(182, 'iplant0001', 15.00, 30.50, 3111.00, 'medium', '2022-06-14 16:33:33'),
(183, 'iplant0001', 0.00, 30.50, 1.00, 'medium', '2022-06-14 16:33:38'),
(184, 'iplant0001', 14.00, 30.50, 3114.00, 'medium', '2022-06-14 16:33:43'),
(185, 'iplant0001', 0.00, 30.50, 1.00, 'medium', '2022-06-14 16:33:48'),
(186, 'iplant0001', 11.00, 30.50, 3350.00, 'medium', '2022-06-14 16:33:54'),
(187, 'iplant0001', 0.00, 30.50, 1.00, 'medium', '2022-06-14 16:33:59'),
(188, 'iplant0001', 15.00, 30.50, 3146.00, 'medium', '2022-06-14 16:34:04'),
(189, 'iplant0001', 0.00, 30.50, 1.00, 'medium', '2022-06-14 16:34:10'),
(190, 'iplant0001', 11.00, 30.50, 3139.00, 'medium', '2022-06-14 16:34:16'),
(191, 'iplant0001', 0.00, 30.50, 1.00, 'medium', '2022-06-14 16:34:21'),
(192, 'iplant0001', 14.00, 30.50, 3146.00, 'medium', '2022-06-14 16:34:26'),
(193, 'iplant0001', 0.00, 30.50, 1.00, 'medium', '2022-06-14 16:34:31'),
(194, 'iplant0001', 14.00, 30.50, 3139.00, 'medium', '2022-06-14 16:34:37'),
(195, 'iplant0001', 0.00, 30.50, 1.00, 'medium', '2022-06-14 16:34:42'),
(196, 'iplant0001', 14.00, 30.50, 3172.00, 'medium', '2022-06-14 16:34:47'),
(197, 'iplant0001', 0.00, 30.50, 1.00, 'medium', '2022-06-14 16:34:52'),
(198, 'iplant0001', 12.00, 30.50, 3091.00, 'medium', '2022-06-14 16:34:58'),
(199, 'iplant0001', 0.00, 30.50, 0.00, 'medium', '2022-06-14 16:35:16'),
(200, 'iplant0001', 0.00, 30.50, 0.00, 'medium', '2022-06-14 16:35:22'),
(201, 'iplant0001', 0.00, 30.50, 0.00, 'medium', '2022-06-14 16:35:27'),
(202, 'iplant0001', 0.00, 30.50, 1.00, 'medium', '2022-06-14 16:35:32'),
(203, 'iplant0001', 0.00, 30.50, 1.00, 'medium', '2022-06-14 16:35:37'),
(204, 'iplant0001', 0.00, 30.50, 1.00, 'medium', '2022-06-14 16:35:42'),
(205, 'iplant0001', 0.00, 30.50, 1.00, 'medium', '2022-06-14 16:35:52'),
(206, 'iplant0001', 0.00, 30.50, 0.00, 'medium', '2022-06-14 16:35:57'),
(207, 'iplant0001', 0.00, 30.50, 1.00, 'medium', '2022-06-14 16:36:03'),
(208, 'iplant0001', 0.00, 30.50, 1.00, 'medium', '2022-06-14 16:36:08'),
(209, 'iplant0001', 0.00, 30.50, 1.00, 'medium', '2022-06-14 16:36:13'),
(210, 'iplant0001', 0.00, 30.50, 1.00, 'medium', '2022-06-14 16:36:18'),
(211, 'iplant0001', 0.00, 30.50, 0.00, 'medium', '2022-06-14 16:36:32'),
(212, 'iplant0001', 0.00, 30.50, 0.00, 'medium', '2022-06-14 16:36:38'),
(213, 'iplant0001', 0.00, 30.50, 0.00, 'medium', '2022-06-14 16:36:43'),
(214, 'iplant0001', 0.00, 30.50, 0.00, 'medium', '2022-06-14 16:36:48'),
(215, 'iplant0001', 0.00, 30.50, 0.00, 'medium', '2022-06-14 16:36:53'),
(216, 'iplant0001', 0.00, 30.50, 0.00, 'medium', '2022-06-14 16:36:58'),
(217, 'iplant0001', 0.00, 30.50, 0.00, 'medium', '2022-06-14 16:37:03'),
(218, 'iplant0001', 0.00, 30.50, 0.00, 'medium', '2022-06-14 16:37:08'),
(219, 'iplant0001', 0.00, 30.50, 0.00, 'medium', '2022-06-14 16:37:13'),
(220, 'iplant0001', 0.00, 30.50, 0.00, 'medium', '2022-06-14 16:37:18'),
(221, 'iplant0001', 0.00, 30.50, 0.00, 'medium', '2022-06-14 16:37:23'),
(222, 'iplant0001', 0.00, 30.50, 0.00, 'medium', '2022-06-14 16:37:28'),
(223, 'iplant0001', 0.00, 30.50, 0.00, 'medium', '2022-06-14 16:37:34'),
(224, 'iplant0001', 0.00, 30.50, 0.00, 'medium', '2022-06-14 16:37:39'),
(225, 'iplant0001', 0.00, 30.50, 0.00, 'medium', '2022-06-14 16:37:49'),
(226, 'iplant0001', 0.00, 30.50, 0.00, 'medium', '2022-06-14 16:37:54'),
(227, 'iplant0001', 0.00, 30.50, 1.00, 'medium', '2022-06-14 16:37:59'),
(228, 'iplant0001', 0.00, 30.50, 1.00, 'medium', '2022-06-14 16:38:04'),
(229, 'iplant0001', 0.00, 30.50, 1.00, 'medium', '2022-06-14 16:38:09'),
(230, 'iplant0001', 0.00, 30.50, 1.00, 'medium', '2022-06-14 16:38:15'),
(231, 'iplant0001', 0.00, 30.50, 1.00, 'medium', '2022-06-14 16:38:20'),
(232, 'iplant0001', 0.00, 30.50, 1.00, 'medium', '2022-06-14 16:38:25'),
(233, 'iplant0001', 0.00, 30.50, 1.00, 'medium', '2022-06-14 16:38:30'),
(234, 'iplant0001', 0.00, 30.50, 1.00, 'medium', '2022-06-14 16:38:35'),
(235, 'iplant0001', 0.00, 30.50, 1.00, 'medium', '2022-06-14 16:38:40'),
(236, 'iplant0001', 0.00, 30.50, 1.00, 'medium', '2022-06-14 16:38:45'),
(237, 'iplant0001', 0.00, 30.50, 1.00, 'medium', '2022-06-14 16:38:50'),
(238, 'iplant0001', 0.00, 30.50, 1.00, 'medium', '2022-06-14 16:38:55'),
(239, 'iplant0001', 0.00, 30.50, 1.00, 'medium', '2022-06-14 16:39:00'),
(240, 'iplant0001', 0.00, 30.50, 1.00, 'medium', '2022-06-14 16:39:05'),
(241, 'iplant0001', 0.00, 30.50, 1.00, 'medium', '2022-06-14 16:39:11'),
(242, 'iplant0001', 0.00, 30.50, 1.00, 'medium', '2022-06-14 16:39:16'),
(243, 'iplant0001', 0.00, 30.50, 1.00, 'medium', '2022-06-14 16:39:21'),
(244, 'iplant0001', 0.00, 30.50, 1.00, 'medium', '2022-06-14 16:39:26'),
(245, 'iplant0001', 0.00, 30.50, 1.00, 'medium', '2022-06-14 16:39:32'),
(246, 'iplant0001', 0.00, 30.50, 1.00, 'medium', '2022-06-14 16:39:37'),
(247, 'iplant0001', 0.00, 30.50, 1.00, 'medium', '2022-06-14 16:39:42'),
(248, 'iplant0001', 0.00, 30.50, 1.00, 'medium', '2022-06-14 16:39:47'),
(249, 'iplant0001', 0.00, 30.50, 1.00, 'medium', '2022-06-14 16:39:52'),
(250, 'iplant0001', 0.00, 30.50, 1.00, 'medium', '2022-06-14 16:39:57'),
(251, 'iplant0001', 0.00, 30.50, 1.00, 'medium', '2022-06-14 16:40:02'),
(252, 'iplant0001', 0.00, 30.50, 1.00, 'medium', '2022-06-14 16:40:07'),
(253, 'iplant0001', 0.00, 30.50, 1.00, 'medium', '2022-06-14 16:40:12'),
(254, 'iplant0001', 11.00, 30.50, 1.00, 'medium', '2022-06-14 16:40:17'),
(255, 'iplant0001', 0.00, 30.50, 1.00, 'medium', '2022-06-14 16:40:23'),
(256, 'iplant0001', 0.00, 30.50, 1.00, 'medium', '2022-06-14 16:40:28'),
(257, 'iplant0001', 0.00, 30.50, 1.00, 'medium', '2022-06-14 16:40:33'),
(258, 'iplant0001', 0.00, 30.50, 1.00, 'medium', '2022-06-14 16:40:38'),
(259, 'iplant0001', 0.00, 30.50, 1.00, 'medium', '2022-06-14 16:40:43'),
(260, 'iplant0001', 0.00, 30.50, 1.00, 'medium', '2022-06-14 16:40:48'),
(261, 'iplant0001', 0.00, 30.50, 1.00, 'medium', '2022-06-14 16:40:53'),
(262, 'iplant0001', 0.00, 30.50, 1.00, 'medium', '2022-06-14 16:40:58'),
(263, 'iplant0001', 0.00, 30.50, 1.00, 'medium', '2022-06-14 16:41:03'),
(264, 'iplant0001', 0.00, 30.50, 0.00, 'medium', '2022-06-14 16:41:08'),
(265, 'iplant0001', 0.00, 30.50, 0.00, 'medium', '2022-06-14 16:41:13'),
(266, 'iplant0001', 0.00, 30.50, 0.00, 'medium', '2022-06-14 16:41:18'),
(267, 'iplant0001', 0.00, 30.50, 0.00, 'medium', '2022-06-14 16:41:23'),
(268, 'iplant0001', 0.00, 30.50, 0.00, 'medium', '2022-06-14 16:41:33'),
(269, 'iplant0001', 0.00, 30.50, 0.00, 'medium', '2022-06-14 16:41:38'),
(270, 'iplant0001', 0.00, 30.50, 0.00, 'medium', '2022-06-14 16:41:43'),
(271, 'iplant0001', 0.00, 30.50, 0.00, 'medium', '2022-06-14 16:41:48'),
(272, 'iplant0001', 0.00, 30.50, 0.00, 'medium', '2022-06-14 16:41:53'),
(273, 'iplant0001', 0.00, 30.50, 0.00, 'medium', '2022-06-14 16:41:58'),
(274, 'iplant0001', 0.00, 30.50, 0.00, 'medium', '2022-06-14 16:42:04'),
(275, 'iplant0001', 0.00, 30.50, 0.00, 'medium', '2022-06-14 16:42:09'),
(276, 'iplant0001', 0.00, 30.50, 0.00, 'medium', '2022-06-14 16:42:14'),
(277, 'iplant0001', 0.00, 30.50, 0.00, 'medium', '2022-06-14 16:42:24'),
(278, 'iplant0001', 0.00, 30.50, 0.00, 'medium', '2022-06-14 16:42:29'),
(279, 'iplant0001', 0.00, 30.50, 0.00, 'medium', '2022-06-14 16:42:34'),
(280, 'iplant0001', 0.00, 30.50, 0.00, 'medium', '2022-06-14 16:42:39'),
(281, 'iplant0001', 14.00, 30.50, 2510.00, 'medium', '2022-06-14 16:42:50'),
(282, 'iplant0001', 46.00, 30.50, 2449.00, 'medium', '2022-06-14 16:43:01'),
(283, 'iplant0001', 30.00, 30.50, 0.00, 'medium', '2022-06-14 16:43:06'),
(284, 'iplant0001', 46.00, 30.50, 2444.00, 'medium', '2022-06-14 16:43:11'),
(285, 'iplant0001', 34.00, 30.50, 2483.00, 'medium', '2022-06-14 16:43:16'),
(286, 'iplant0001', 34.00, 30.50, 2410.00, 'medium', '2022-06-14 16:43:22'),
(287, 'iplant0001', 33.00, 30.50, 0.00, 'medium', '2022-06-14 16:43:27'),
(288, 'iplant0001', 42.00, 30.50, 2456.00, 'medium', '2022-06-14 16:43:32'),
(289, 'iplant0001', 27.00, 30.50, 0.00, 'medium', '2022-06-14 16:43:37'),
(290, 'iplant0001', 53.00, 30.50, 2349.00, 'medium', '2022-06-14 16:43:42'),
(291, 'iplant0001', 47.00, 30.50, 2498.00, 'medium', '2022-06-14 16:43:52'),
(292, 'iplant0001', 32.00, 30.50, 0.00, 'medium', '2022-06-14 16:43:57'),
(293, 'iplant0001', 46.00, 30.50, 2492.00, 'medium', '2022-06-14 16:44:02'),
(294, 'iplant0001', 0.00, 30.50, 0.00, 'medium', '2022-06-14 16:44:07'),
(295, 'iplant0001', 0.00, 30.50, 276.00, 'medium', '2022-06-14 16:44:18'),
(296, 'iplant0001', 0.00, 30.50, 271.00, 'medium', '2022-06-14 16:44:23'),
(297, 'iplant0001', 0.00, 30.50, 0.00, 'medium', '2022-06-14 16:44:28'),
(298, 'iplant0001', 17.00, 30.50, 310.00, 'warning', '2022-06-14 23:24:46'),
(299, 'iplant0001', 0.00, 30.50, 137.00, 'warning', '2022-06-14 23:24:52'),
(300, 'iplant0001', 0.00, 30.50, 148.00, 'warning', '2022-06-14 23:24:57'),
(301, 'iplant0001', 0.00, 30.50, 628.00, 'warning', '2022-06-14 23:25:04'),
(302, 'iplant0001', 0.00, 30.50, 349.00, 'warning', '2022-06-14 23:25:10'),
(303, 'iplant0001', 0.00, 30.50, 648.00, 'low', '2022-06-14 23:25:16'),
(304, 'iplant0001', 0.00, 30.50, 481.00, 'warning', '2022-06-14 23:25:22'),
(305, 'iplant0001', 0.00, 30.50, 459.00, 'warning', '2022-06-14 23:25:28'),
(306, 'iplant0001', 0.00, 30.50, 85.00, 'warning', '2022-06-14 23:25:34'),
(307, 'iplant0001', 0.00, 30.50, 2.00, 'warning', '2022-06-14 23:25:40'),
(308, 'iplant0001', 9.00, 30.50, 1.00, 'warning', '2022-06-14 23:25:46'),
(309, 'iplant0001', 12.00, 30.50, 134.00, 'warning', '2022-06-14 23:25:52'),
(310, 'iplant0001', 0.00, 30.50, 157.00, 'warning', '2022-06-14 23:25:58'),
(311, 'iplant0001', 0.00, 30.50, 159.00, 'warning', '2022-06-14 23:26:04'),
(312, 'iplant0001', 0.00, 30.50, 168.00, 'warning', '2022-06-14 23:26:10'),
(313, 'iplant0001', 0.00, 30.50, 129.00, 'warning', '2022-06-14 23:26:16'),
(314, 'iplant0001', 0.00, 30.50, 155.00, 'warning', '2022-06-14 23:26:22'),
(315, 'iplant0001', 79.00, 30.50, 143.00, 'warning', '2022-06-14 23:26:28'),
(316, 'iplant0001', 75.00, 30.50, 131.00, 'warning', '2022-06-14 23:26:34'),
(317, 'iplant0001', 73.00, 30.50, 1177.00, 'warning', '2022-06-14 23:26:39'),
(318, 'iplant0001', 72.00, 30.50, 1315.00, 'warning', '2022-06-14 23:26:45'),
(319, 'iplant0001', 72.00, 30.50, 1290.00, 'warning', '2022-06-14 23:26:50'),
(320, 'iplant0001', 71.00, 30.50, 106.00, 'warning', '2022-06-14 23:26:56'),
(321, 'iplant0001', 71.00, 30.50, 132.00, 'warning', '2022-06-14 23:27:01'),
(322, 'iplant0001', 71.00, 30.50, 148.00, 'warning', '2022-06-14 23:27:06'),
(323, 'iplant0001', 72.00, 30.50, 166.00, 'warning', '2022-06-14 23:27:12'),
(324, 'iplant0001', 71.00, 30.50, 159.00, 'warning', '2022-06-14 23:27:17'),
(325, 'iplant0001', 71.00, 30.50, 165.00, 'warning', '2022-06-14 23:27:22'),
(326, 'iplant0001', 0.00, 30.50, 159.00, 'warning', '2022-06-14 23:27:28'),
(327, 'iplant0001', 0.00, 30.50, 160.00, 'warning', '2022-06-14 23:27:33'),
(328, 'iplant0001', 17.00, 30.50, 657.00, 'warning', '2022-06-14 23:27:44'),
(329, 'iplant0001', 0.00, 30.50, 263.00, 'warning', '2022-06-14 23:27:49'),
(330, 'iplant0001', 0.00, 30.50, 236.00, 'warning', '2022-06-14 23:27:55'),
(331, 'iplant0001', 0.00, 30.50, 149.00, 'warning', '2022-06-14 23:28:01'),
(332, 'iplant0001', 0.00, 30.50, 152.00, 'warning', '2022-06-14 23:28:07'),
(333, 'iplant0001', 0.00, 30.50, 177.00, 'warning', '2022-06-14 23:28:13'),
(334, 'iplant0001', 81.00, 30.50, 171.00, 'warning', '2022-06-14 23:28:19'),
(335, 'iplant0001', 75.00, 30.50, 230.00, 'warning', '2022-06-14 23:28:25'),
(336, 'iplant0001', 74.00, 30.50, 92.00, 'low', '2022-06-14 23:28:30'),
(337, 'iplant0001', 156.00, 30.50, 773.00, 'warning', '2022-06-14 23:30:27'),
(338, 'iplant0001', 0.00, 30.50, 362.00, 'warning', '2022-06-14 23:30:33'),
(339, 'iplant0001', 1.00, 30.50, 328.00, 'warning', '2022-06-14 23:30:38'),
(340, 'iplant0001', 4.00, 30.50, 178.00, 'warning', '2022-06-14 23:30:43'),
(341, 'iplant0001', 0.00, 30.50, 189.00, 'warning', '2022-06-14 23:30:49'),
(342, 'iplant0001', 9.00, 30.50, 186.00, 'warning', '2022-06-14 23:30:56'),
(343, 'iplant0001', 156.00, 30.50, 195.00, 'warning', '2022-06-14 23:31:01'),
(344, 'iplant0001', 0.00, 30.50, 377.00, 'warning', '2022-06-14 23:31:07'),
(345, 'iplant0001', 0.00, 30.50, 161.00, 'warning', '2022-06-14 23:31:12'),
(346, 'iplant0001', 23.00, 30.50, 134.00, 'warning', '2022-06-14 23:31:18'),
(347, 'iplant0001', 0.00, 30.50, 538.00, 'warning', '2022-06-14 23:31:23'),
(348, 'iplant0001', 0.00, 30.50, 104.00, 'warning', '2022-06-14 23:31:28'),
(349, 'iplant0001', 0.00, 30.50, 58.00, 'warning', '2022-06-14 23:31:35'),
(350, 'iplant0001', 10.00, 30.50, 80.00, 'warning', '2022-06-14 23:31:41'),
(351, 'iplant0001', 0.00, 30.50, 84.00, 'warning', '2022-06-14 23:31:47'),
(352, 'iplant0001', 0.00, 30.50, 1100.00, 'warning', '2022-06-14 23:31:53'),
(353, 'iplant0001', 0.00, 30.50, 1130.00, 'warning', '2022-06-14 23:31:59'),
(354, 'iplant0001', 0.00, 30.50, 1210.00, 'warning', '2022-06-14 23:32:05'),
(355, 'iplant0001', 0.00, 30.50, 1143.00, 'warning', '2022-06-14 23:32:11'),
(356, 'iplant0001', 0.00, 30.50, 1449.00, 'warning', '2022-06-14 23:32:18'),
(357, 'iplant0001', 0.00, 30.50, 1473.00, 'warning', '2022-06-14 23:32:24'),
(358, 'iplant0001', 0.00, 30.50, 676.00, 'warning', '2022-06-14 23:32:31'),
(359, 'iplant0001', 0.00, 30.50, 865.00, 'warning', '2022-06-14 23:32:37'),
(360, 'iplant0001', 0.00, 30.50, 18.00, 'warning', '2022-06-14 23:32:43'),
(361, 'iplant0001', 11.00, 30.50, 700.00, 'warning', '2022-06-14 23:32:49'),
(362, 'iplant0001', 0.00, 30.50, 236.00, 'warning', '2022-06-14 23:32:55'),
(363, 'iplant0001', 0.00, 30.50, 101.00, 'warning', '2022-06-14 23:33:01'),
(364, 'iplant0001', 0.00, 30.50, 51.00, 'warning', '2022-06-14 23:33:07'),
(365, 'iplant0001', 21.00, 30.50, 106.00, 'warning', '2022-06-14 23:33:23'),
(366, 'iplant0001', 0.00, 30.50, 108.00, 'warning', '2022-06-14 23:33:29'),
(367, 'iplant0001', 0.00, 30.50, 85.00, 'warning', '2022-06-14 23:33:35'),
(368, 'iplant0001', 0.00, 30.50, 100.00, 'warning', '2022-06-14 23:33:41'),
(369, 'iplant0001', 9.00, 30.50, 109.00, 'warning', '2022-06-14 23:33:47'),
(370, 'iplant0001', 0.00, 30.50, 108.00, 'warning', '2022-06-14 23:33:53'),
(371, 'iplant0001', 0.00, 30.50, 104.00, 'warning', '2022-06-14 23:33:58'),
(372, 'iplant0001', 0.00, 30.50, 104.00, 'warning', '2022-06-14 23:34:04'),
(373, 'iplant0001', 0.00, 30.50, 117.00, 'warning', '2022-06-14 23:34:10'),
(374, 'iplant0001', 0.00, 30.50, 273.00, 'warning', '2022-06-14 23:34:20'),
(375, 'iplant0001', 0.00, 30.50, 344.00, 'warning', '2022-06-14 23:34:25'),
(376, 'iplant0001', 0.00, 30.50, 350.00, 'warning', '2022-06-14 23:34:31'),
(377, 'iplant0001', 0.00, 30.50, 361.00, 'warning', '2022-06-14 23:34:37'),
(378, 'iplant0001', 0.00, 30.50, 356.00, 'warning', '2022-06-14 23:34:43'),
(379, 'iplant0001', 0.00, 30.50, 361.00, 'warning', '2022-06-14 23:34:48'),
(380, 'iplant0001', 0.00, 30.50, 358.00, 'warning', '2022-06-14 23:34:53'),
(381, 'iplant0001', 0.00, 30.50, 362.00, 'warning', '2022-06-14 23:34:59'),
(382, 'iplant0001', 0.00, 30.50, 361.00, 'warning', '2022-06-14 23:35:04'),
(383, 'iplant0001', 0.00, 30.50, 348.00, 'warning', '2022-06-14 23:35:10'),
(384, 'iplant0001', 0.00, 30.50, 353.00, 'warning', '2022-06-14 23:35:15'),
(385, 'iplant0001', 0.00, 30.50, 345.00, 'warning', '2022-06-14 23:35:21'),
(386, 'iplant0001', 0.00, 30.50, 366.00, 'warning', '2022-06-14 23:35:26'),
(387, 'iplant0001', 0.00, 30.50, 367.00, 'warning', '2022-06-14 23:35:32'),
(388, 'iplant0001', 0.00, 30.50, 365.00, 'warning', '2022-06-14 23:35:37'),
(389, 'iplant0001', 0.00, 30.50, 370.00, 'warning', '2022-06-14 23:35:43'),
(390, 'iplant0001', 0.00, 30.50, 367.00, 'warning', '2022-06-14 23:35:48'),
(391, 'iplant0001', 0.00, 30.50, 370.00, 'warning', '2022-06-14 23:35:54'),
(392, 'iplant0001', 0.00, 30.50, 368.00, 'warning', '2022-06-14 23:35:59'),
(393, 'iplant0001', 0.00, 30.50, 371.00, 'warning', '2022-06-14 23:36:05'),
(394, 'iplant0001', 0.00, 30.50, 375.00, 'warning', '2022-06-14 23:36:10'),
(395, 'iplant0001', 0.00, 30.50, 370.00, 'warning', '2022-06-14 23:36:20'),
(396, 'iplant0001', 0.00, 30.50, 381.00, 'warning', '2022-06-14 23:36:25'),
(397, 'iplant0001', 0.00, 30.50, 378.00, 'warning', '2022-06-14 23:36:31'),
(398, 'iplant0001', 0.00, 30.50, 380.00, 'warning', '2022-06-14 23:36:36'),
(399, 'iplant0001', 0.00, 30.50, 386.00, 'warning', '2022-06-14 23:36:42'),
(400, 'iplant0001', 0.00, 30.50, 381.00, 'warning', '2022-06-14 23:36:47'),
(401, 'iplant0001', 0.00, 30.50, 384.00, 'warning', '2022-06-14 23:36:53'),
(402, 'iplant0001', 0.00, 30.50, 379.00, 'warning', '2022-06-14 23:36:58'),
(403, 'iplant0001', 0.00, 30.50, 384.00, 'warning', '2022-06-14 23:37:04'),
(404, 'iplant0001', 0.00, 30.50, 353.00, 'warning', '2022-06-14 23:37:09'),
(405, 'iplant0001', 0.00, 30.50, 358.00, 'warning', '2022-06-14 23:37:14'),
(406, 'iplant0001', 0.00, 30.50, 360.00, 'warning', '2022-06-14 23:37:20'),
(407, 'iplant0001', 0.00, 30.50, 356.00, 'warning', '2022-06-14 23:37:25'),
(408, 'iplant0001', 0.00, 30.50, 353.00, 'warning', '2022-06-14 23:37:31'),
(409, 'iplant0001', 0.00, 30.50, 361.00, 'warning', '2022-06-14 23:37:36'),
(410, 'iplant0001', 0.00, 30.50, 364.00, 'warning', '2022-06-14 23:37:42'),
(411, 'iplant0001', 0.00, 30.50, 311.00, 'warning', '2022-06-14 23:37:47'),
(412, 'iplant0001', 0.00, 30.50, 312.00, 'warning', '2022-06-14 23:37:52'),
(413, 'iplant0001', 0.00, 30.50, 316.00, 'warning', '2022-06-14 23:37:58'),
(414, 'iplant0001', 0.00, 30.50, 318.00, 'warning', '2022-06-14 23:38:03'),
(415, 'iplant0001', 0.00, 30.50, 321.00, 'warning', '2022-06-14 23:38:09'),
(416, 'iplant0001', 0.00, 30.50, 322.00, 'warning', '2022-06-14 23:38:15'),
(417, 'iplant0001', 0.00, 30.50, 322.00, 'warning', '2022-06-14 23:38:20'),
(418, 'iplant0001', 0.00, 30.50, 324.00, 'warning', '2022-06-14 23:38:26'),
(419, 'iplant0001', 0.00, 30.50, 326.00, 'warning', '2022-06-14 23:38:31'),
(420, 'iplant0001', 0.00, 30.50, 325.00, 'warning', '2022-06-14 23:38:37'),
(421, 'iplant0001', 0.00, 30.50, 328.00, 'warning', '2022-06-14 23:38:42'),
(422, 'iplant0001', 0.00, 30.50, 327.00, 'warning', '2022-06-14 23:38:48'),
(423, 'iplant0001', 0.00, 30.50, 331.00, 'warning', '2022-06-14 23:38:54'),
(424, 'iplant0001', 0.00, 30.50, 331.00, 'warning', '2022-06-14 23:38:59'),
(425, 'iplant0001', 0.00, 30.50, 384.00, 'warning', '2022-06-14 23:39:05'),
(426, 'iplant0001', 0.00, 30.50, 385.00, 'warning', '2022-06-14 23:39:10'),
(427, 'iplant0001', 0.00, 30.50, 387.00, 'warning', '2022-06-14 23:39:16'),
(428, 'iplant0001', 0.00, 30.50, 388.00, 'warning', '2022-06-14 23:39:22'),
(429, 'iplant0001', 0.00, 30.50, 389.00, 'warning', '2022-06-14 23:39:27'),
(430, 'iplant0001', 0.00, 30.50, 387.00, 'warning', '2022-06-14 23:39:32'),
(431, 'iplant0001', 0.00, 30.50, 390.00, 'warning', '2022-06-14 23:39:38'),
(432, 'iplant0001', 0.00, 30.50, 391.00, 'warning', '2022-06-14 23:39:43'),
(433, 'iplant0001', 0.00, 30.50, 390.00, 'warning', '2022-06-14 23:39:52'),
(434, 'iplant0001', 0.00, 30.50, 394.00, 'warning', '2022-06-14 23:39:58'),
(435, 'iplant0001', 0.00, 30.50, 388.00, 'warning', '2022-06-14 23:40:03'),
(436, 'iplant0001', 0.00, 30.50, 393.00, 'warning', '2022-06-14 23:40:09'),
(437, 'iplant0001', 0.00, 30.50, 170.00, 'warning', '2022-06-14 23:40:14'),
(438, 'iplant0001', 0.00, 30.50, 171.00, 'warning', '2022-06-14 23:40:20'),
(439, 'iplant0001', 0.00, 30.50, 363.00, 'warning', '2022-06-14 23:40:25'),
(440, 'iplant0001', 0.00, 30.50, 381.00, 'warning', '2022-06-14 23:40:30'),
(441, 'iplant0001', 0.00, 30.50, 377.00, 'warning', '2022-06-14 23:40:36'),
(442, 'iplant0001', 0.00, 30.50, 289.00, 'warning', '2022-06-14 23:40:41'),
(443, 'iplant0001', 0.00, 30.50, 532.00, 'warning', '2022-06-14 23:40:47'),
(444, 'iplant0001', 0.00, 30.50, 527.00, 'warning', '2022-06-14 23:40:53'),
(445, 'iplant0001', 0.00, 30.50, 534.00, 'warning', '2022-06-14 23:40:58'),
(446, 'iplant0001', 0.00, 30.50, 529.00, 'warning', '2022-06-14 23:41:03'),
(447, 'iplant0001', 0.00, 30.50, 542.00, 'warning', '2022-06-14 23:41:09'),
(448, 'iplant0001', 0.00, 30.50, 163.00, 'warning', '2022-06-14 23:41:15'),
(449, 'iplant0001', 0.00, 30.50, 128.00, 'warning', '2022-06-14 23:41:21'),
(450, 'iplant0001', 0.00, 30.50, 149.00, 'warning', '2022-06-14 23:41:26'),
(451, 'iplant0001', 0.00, 30.50, 132.00, 'warning', '2022-06-14 23:41:31'),
(452, 'iplant0001', 0.00, 30.50, 122.00, 'warning', '2022-06-14 23:41:37'),
(453, 'iplant0001', 0.00, 30.50, 128.00, 'warning', '2022-06-14 23:41:42'),
(454, 'iplant0001', 0.00, 30.50, 124.00, 'warning', '2022-06-14 23:41:48'),
(455, 'iplant0001', 0.00, 30.50, 136.00, 'warning', '2022-06-14 23:41:53'),
(456, 'iplant0001', 0.00, 30.50, 128.00, 'warning', '2022-06-14 23:42:02'),
(457, 'iplant0001', 0.00, 30.50, 129.00, 'warning', '2022-06-14 23:42:07'),
(458, 'iplant0001', 0.00, 30.50, 130.00, 'warning', '2022-06-14 23:42:13'),
(459, 'iplant0001', 0.00, 30.50, 130.00, 'warning', '2022-06-14 23:42:20'),
(460, 'iplant0001', 0.00, 30.50, 129.00, 'warning', '2022-06-14 23:42:24'),
(461, 'iplant0001', 0.00, 30.50, 129.00, 'warning', '2022-06-14 23:42:30'),
(462, 'iplant0001', 0.00, 30.50, 129.00, 'warning', '2022-06-14 23:42:36'),
(463, 'iplant0001', 0.00, 30.50, 129.00, 'warning', '2022-06-14 23:42:41'),
(464, 'iplant0001', 0.00, 30.50, 130.00, 'warning', '2022-06-14 23:42:47'),
(465, 'iplant0001', 0.00, 30.50, 130.00, 'warning', '2022-06-14 23:42:52'),
(466, 'iplant0001', 0.00, 30.50, 130.00, 'warning', '2022-06-14 23:42:58'),
(467, 'iplant0001', 0.00, 30.50, 129.00, 'warning', '2022-06-14 23:43:04'),
(468, 'iplant0001', 0.00, 30.50, 529.00, 'warning', '2022-06-14 23:43:09'),
(469, 'iplant0001', 0.00, 30.50, 145.00, 'warning', '2022-06-14 23:43:15'),
(470, 'iplant0001', 0.00, 30.50, 128.00, 'warning', '2022-06-14 23:43:20'),
(471, 'iplant0001', 0.00, 30.50, 139.00, 'warning', '2022-06-14 23:43:27'),
(472, 'iplant0001', 0.00, 30.50, 140.00, 'warning', '2022-06-14 23:43:32'),
(473, 'iplant0001', 0.00, 30.50, 145.00, 'warning', '2022-06-14 23:43:37'),
(474, 'iplant0001', 0.00, 30.50, 152.00, 'warning', '2022-06-14 23:43:43'),
(475, 'iplant0001', 0.00, 30.50, 134.00, 'warning', '2022-06-14 23:43:48'),
(476, 'iplant0001', 0.00, 30.50, 145.00, 'warning', '2022-06-14 23:43:54'),
(477, 'iplant0001', 0.00, 30.50, 146.00, 'warning', '2022-06-14 23:43:59'),
(478, 'iplant0001', 0.00, 30.50, 143.00, 'warning', '2022-06-14 23:44:04'),
(479, 'iplant0001', 0.00, 30.50, 355.00, 'warning', '2022-06-14 23:44:10'),
(480, 'iplant0001', 0.00, 30.50, 350.00, 'warning', '2022-06-14 23:44:15'),
(481, 'iplant0001', 0.00, 30.50, 335.00, 'warning', '2022-06-14 23:44:21'),
(482, 'iplant0001', 0.00, 30.50, 135.00, 'warning', '2022-06-14 23:44:27'),
(483, 'iplant0001', 0.00, 30.50, 131.00, 'warning', '2022-06-14 23:44:32'),
(484, 'iplant0001', 0.00, 30.50, 138.00, 'warning', '2022-06-14 23:44:37'),
(485, 'iplant0001', 0.00, 30.50, 129.00, 'warning', '2022-06-14 23:44:43'),
(486, 'iplant0001', 0.00, 30.50, 131.00, 'warning', '2022-06-14 23:44:48'),
(487, 'iplant0001', 0.00, 30.50, 128.00, 'warning', '2022-06-14 23:44:54'),
(488, 'iplant0001', 0.00, 30.50, 129.00, 'warning', '2022-06-14 23:44:59'),
(489, 'iplant0001', 0.00, 30.50, 125.00, 'warning', '2022-06-14 23:45:05'),
(490, 'iplant0001', 0.00, 30.50, 130.00, 'warning', '2022-06-14 23:45:10'),
(491, 'iplant0001', 0.00, 30.50, 132.00, 'warning', '2022-06-14 23:45:16'),
(492, 'iplant0001', 0.00, 30.50, 117.00, 'warning', '2022-06-14 23:45:22'),
(493, 'iplant0001', 0.00, 30.50, 129.00, 'warning', '2022-06-14 23:45:27'),
(494, 'iplant0001', 0.00, 30.50, 129.00, 'warning', '2022-06-14 23:45:32'),
(495, 'iplant0001', 0.00, 30.50, 136.00, 'warning', '2022-06-14 23:45:38'),
(496, 'iplant0001', 0.00, 30.50, 136.00, 'warning', '2022-06-14 23:45:43'),
(497, 'iplant0001', 0.00, 30.50, 124.00, 'warning', '2022-06-14 23:45:49'),
(498, 'iplant0001', 0.00, 30.50, 121.00, 'warning', '2022-06-14 23:45:54'),
(499, 'iplant0001', 0.00, 30.50, 77.00, 'warning', '2022-06-14 23:46:00'),
(500, 'iplant0001', 0.00, 30.50, 90.00, 'warning', '2022-06-14 23:46:05'),
(501, 'iplant0001', 0.00, 30.50, 75.00, 'warning', '2022-06-14 23:46:11'),
(502, 'iplant0001', 0.00, 30.50, 95.00, 'warning', '2022-06-14 23:46:17'),
(503, 'iplant0001', 0.00, 30.50, 99.00, 'warning', '2022-06-14 23:46:22'),
(504, 'iplant0001', 0.00, 30.50, 101.00, 'warning', '2022-06-14 23:46:27'),
(505, 'iplant0001', 0.00, 30.50, 102.00, 'warning', '2022-06-14 23:46:33'),
(506, 'iplant0001', 0.00, 30.50, 102.00, 'warning', '2022-06-14 23:46:39'),
(507, 'iplant0001', 0.00, 30.50, 125.00, 'warning', '2022-06-14 23:46:44'),
(508, 'iplant0001', 0.00, 30.50, 126.00, 'warning', '2022-06-14 23:46:50'),
(509, 'iplant0001', 0.00, 30.50, 128.00, 'warning', '2022-06-14 23:46:55'),
(510, 'iplant0001', 0.00, 30.50, 128.00, 'warning', '2022-06-14 23:47:01'),
(511, 'iplant0001', 0.00, 30.50, 130.00, 'warning', '2022-06-14 23:47:06'),
(512, 'iplant0001', 0.00, 30.50, 131.00, 'warning', '2022-06-14 23:47:12'),
(513, 'iplant0001', 0.00, 30.50, 354.00, 'warning', '2022-06-14 23:47:17'),
(514, 'iplant0001', 0.00, 30.50, 315.00, 'warning', '2022-06-14 23:47:23'),
(515, 'iplant0001', 0.00, 30.50, 279.00, 'warning', '2022-06-14 23:47:28'),
(516, 'iplant0001', 0.00, 30.50, 403.00, 'warning', '2022-06-14 23:47:34'),
(517, 'iplant0001', 0.00, 30.50, 112.00, 'warning', '2022-06-14 23:47:39'),
(518, 'iplant0001', 0.00, 30.50, 165.00, 'warning', '2022-06-14 23:47:45'),
(519, 'iplant0001', 0.00, 30.50, 1744.00, 'warning', '2022-06-14 23:47:50'),
(520, 'iplant0001', 0.00, 30.50, 1730.00, 'warning', '2022-06-14 23:47:56'),
(521, 'iplant0001', 0.00, 30.50, 1553.00, 'warning', '2022-06-14 23:48:01'),
(522, 'iplant0001', 0.00, 30.50, 1740.00, 'warning', '2022-06-14 23:48:06'),
(523, 'iplant0001', 0.00, 30.50, 1806.00, 'warning', '2022-06-14 23:48:12'),
(524, 'iplant0001', 0.00, 30.50, 1631.00, 'warning', '2022-06-14 23:48:17'),
(525, 'iplant0001', 0.00, 30.50, 1808.00, 'warning', '2022-06-14 23:48:23'),
(526, 'iplant0001', 0.00, 30.50, 1808.00, 'warning', '2022-06-14 23:48:28'),
(527, 'iplant0001', 0.00, 30.50, 1682.00, 'warning', '2022-06-14 23:48:33'),
(528, 'iplant0001', 0.00, 30.50, 1803.00, 'warning', '2022-06-14 23:48:39'),
(529, 'iplant0001', 0.00, 30.50, 1761.00, 'warning', '2022-06-14 23:48:45'),
(530, 'iplant0001', 0.00, 30.50, 1750.00, 'warning', '2022-06-14 23:48:50'),
(531, 'iplant0001', 0.00, 30.50, 1782.00, 'warning', '2022-06-14 23:48:56'),
(532, 'iplant0001', 0.00, 30.50, 1809.00, 'warning', '2022-06-14 23:49:02'),
(533, 'iplant0001', 0.00, 30.50, 1809.00, 'warning', '2022-06-14 23:49:08'),
(534, 'iplant0001', 0.00, 30.50, 1808.00, 'warning', '2022-06-14 23:49:14'),
(535, 'iplant0001', 0.00, 30.50, 1808.00, 'warning', '2022-06-14 23:49:19'),
(536, 'iplant0001', 0.00, 30.50, 1808.00, 'warning', '2022-06-14 23:49:25'),
(537, 'iplant0001', 0.00, 30.50, 125.00, 'warning', '2022-06-14 23:49:30'),
(538, 'iplant0001', 0.00, 30.50, 156.00, 'warning', '2022-06-14 23:49:37'),
(539, 'iplant0001', 0.00, 30.50, 773.00, 'warning', '2022-06-14 23:49:41'),
(540, 'iplant0001', 0.00, 30.50, 786.00, 'warning', '2022-06-14 23:49:47'),
(541, 'iplant0001', 0.00, 30.50, 802.00, 'warning', '2022-06-14 23:49:53'),
(542, 'iplant0001', 0.00, 30.50, 760.00, 'warning', '2022-06-14 23:49:58'),
(543, 'iplant0001', 0.00, 30.50, 313.00, 'warning', '2022-06-14 23:50:08'),
(544, 'iplant0001', 0.00, 30.50, 1790.00, 'warning', '2022-06-14 23:50:13'),
(545, 'iplant0001', 0.00, 30.50, 1808.00, 'warning', '2022-06-14 23:50:19'),
(546, 'iplant0001', 0.00, 30.50, 295.00, 'warning', '2022-06-14 23:50:24'),
(547, 'iplant0001', 0.00, 30.50, 1643.00, 'warning', '2022-06-14 23:50:29'),
(548, 'iplant0001', 0.00, 30.50, 1820.00, 'warning', '2022-06-14 23:50:35'),
(549, 'iplant0001', 0.00, 30.50, 1820.00, 'warning', '2022-06-14 23:50:40'),
(550, 'iplant0001', 0.00, 30.50, 1822.00, 'warning', '2022-06-14 23:50:46'),
(551, 'iplant0001', 0.00, 30.50, 1822.00, 'warning', '2022-06-14 23:50:57'),
(552, 'iplant0001', 0.00, 30.50, 1825.00, 'warning', '2022-06-14 23:50:59'),
(553, 'iplant0001', 0.00, 30.50, 1826.00, 'warning', '2022-06-14 23:51:04'),
(554, 'iplant0001', 0.00, 30.50, 1827.00, 'warning', '2022-06-14 23:51:10'),
(555, 'iplant0001', 0.00, 30.50, 1832.00, 'warning', '2022-06-14 23:51:15'),
(556, 'iplant0001', 0.00, 30.50, 1832.00, 'warning', '2022-06-14 23:51:21'),
(557, 'iplant0001', 0.00, 30.50, 1835.00, 'warning', '2022-06-14 23:51:27'),
(558, 'iplant0001', 0.00, 30.50, 1836.00, 'warning', '2022-06-14 23:51:32'),
(559, 'iplant0001', 0.00, 30.50, 1837.00, 'warning', '2022-06-14 23:51:38'),
(560, 'iplant0001', 0.00, 30.50, 1839.00, 'warning', '2022-06-14 23:51:43'),
(561, 'iplant0001', 0.00, 30.50, 1840.00, 'warning', '2022-06-14 23:51:49'),
(562, 'iplant0001', 0.00, 30.50, 1843.00, 'warning', '2022-06-14 23:51:55'),
(563, 'iplant0001', 0.00, 30.50, 1845.00, 'warning', '2022-06-14 23:52:00'),
(564, 'iplant0001', 0.00, 30.50, 1846.00, 'warning', '2022-06-14 23:52:06'),
(565, 'iplant0001', 0.00, 30.50, 1848.00, 'warning', '2022-06-14 23:52:11'),
(566, 'iplant0001', 0.00, 30.50, 1849.00, 'warning', '2022-06-14 23:52:17'),
(567, 'iplant0001', 0.00, 30.50, 1851.00, 'warning', '2022-06-14 23:52:22'),
(568, 'iplant0001', 0.00, 30.50, 1853.00, 'warning', '2022-06-14 23:52:28'),
(569, 'iplant0001', 0.00, 30.50, 1854.00, 'warning', '2022-06-14 23:52:34'),
(570, 'iplant0001', 0.00, 30.50, 1856.00, 'warning', '2022-06-14 23:52:40'),
(571, 'iplant0001', 0.00, 30.50, 1857.00, 'warning', '2022-06-14 23:52:45'),
(572, 'iplant0001', 0.00, 30.50, 1859.00, 'warning', '2022-06-14 23:52:51'),
(573, 'iplant0001', 0.00, 30.50, 1860.00, 'warning', '2022-06-14 23:52:56'),
(574, 'iplant0001', 0.00, 30.50, 1861.00, 'warning', '2022-06-14 23:53:02'),
(575, 'iplant0001', 0.00, 30.50, 1862.00, 'warning', '2022-06-14 23:53:08'),
(576, 'iplant0001', 0.00, 30.50, 1864.00, 'warning', '2022-06-14 23:53:13'),
(577, 'iplant0001', 0.00, 30.50, 1865.00, 'warning', '2022-06-14 23:53:19'),
(578, 'iplant0001', 0.00, 30.50, 1866.00, 'warning', '2022-06-14 23:53:24'),
(579, 'iplant0001', 0.00, 30.50, 1867.00, 'warning', '2022-06-14 23:53:29'),
(580, 'iplant0001', 0.00, 30.50, 1869.00, 'warning', '2022-06-14 23:53:35'),
(581, 'iplant0001', 0.00, 30.50, 1870.00, 'warning', '2022-06-14 23:53:40'),
(582, 'iplant0001', 0.00, 30.50, 1871.00, 'warning', '2022-06-14 23:53:45'),
(583, 'iplant0001', 0.00, 30.50, 1872.00, 'warning', '2022-06-14 23:53:51'),
(584, 'iplant0001', 0.00, 30.50, 1873.00, 'warning', '2022-06-14 23:53:56'),
(585, 'iplant0001', 0.00, 30.50, 1873.00, 'warning', '2022-06-14 23:54:02'),
(586, 'iplant0001', 0.00, 30.50, 1875.00, 'warning', '2022-06-14 23:54:08'),
(587, 'iplant0001', 0.00, 30.50, 1876.00, 'warning', '2022-06-14 23:54:13'),
(588, 'iplant0001', 0.00, 30.50, 1878.00, 'warning', '2022-06-14 23:54:18'),
(589, 'iplant0001', 0.00, 30.50, 1879.00, 'warning', '2022-06-14 23:54:24'),
(590, 'iplant0001', 0.00, 30.50, 1881.00, 'warning', '2022-06-14 23:54:29'),
(591, 'iplant0001', 0.00, 30.50, 1882.00, 'warning', '2022-06-14 23:54:34'),
(592, 'iplant0001', 0.00, 30.50, 1883.00, 'warning', '2022-06-14 23:54:40'),
(593, 'iplant0001', 0.00, 30.50, 1885.00, 'warning', '2022-06-14 23:54:45'),
(594, 'iplant0001', 0.00, 30.50, 1888.00, 'warning', '2022-06-14 23:54:51'),
(595, 'iplant0001', 0.00, 30.50, 1889.00, 'warning', '2022-06-14 23:54:56'),
(596, 'iplant0001', 0.00, 30.50, 1892.00, 'warning', '2022-06-14 23:55:07'),
(597, 'iplant0001', 0.00, 30.50, 1895.00, 'warning', '2022-06-14 23:55:12'),
(598, 'iplant0001', 0.00, 30.50, 1897.00, 'warning', '2022-06-14 23:55:18'),
(599, 'iplant0001', 0.00, 30.50, 1899.00, 'warning', '2022-06-14 23:55:23'),
(600, 'iplant0001', 0.00, 30.50, 1903.00, 'warning', '2022-06-14 23:55:28'),
(601, 'iplant0001', 0.00, 30.50, 1904.00, 'warning', '2022-06-14 23:55:34'),
(602, 'iplant0001', 0.00, 30.50, 1907.00, 'warning', '2022-06-14 23:55:39'),
(603, 'iplant0001', 0.00, 30.50, 1911.00, 'warning', '2022-06-14 23:55:45'),
(604, 'iplant0001', 0.00, 30.50, 1915.00, 'warning', '2022-06-14 23:55:51'),
(605, 'iplant0001', 0.00, 30.50, 1917.00, 'warning', '2022-06-14 23:56:01'),
(606, 'iplant0001', 0.00, 30.50, 1923.00, 'warning', '2022-06-14 23:56:04'),
(607, 'iplant0001', 0.00, 30.50, 1926.00, 'warning', '2022-06-14 23:56:09'),
(608, 'iplant0001', 0.00, 30.50, 1929.00, 'warning', '2022-06-14 23:56:14'),
(609, 'iplant0001', 0.00, 30.50, 1856.00, 'warning', '2022-06-14 23:56:20'),
(610, 'iplant0001', 0.00, 30.50, 457.00, 'warning', '2022-06-14 23:56:26'),
(611, 'iplant0001', 0.00, 30.50, 164.00, 'warning', '2022-06-14 23:56:31'),
(612, 'iplant0001', 0.00, 30.50, 169.00, 'warning', '2022-06-14 23:56:36'),
(613, 'iplant0001', 0.00, 30.50, 152.00, 'warning', '2022-06-14 23:56:42'),
(614, 'iplant0001', 0.00, 30.50, 153.00, 'warning', '2022-06-14 23:56:47'),
(615, 'iplant0001', 0.00, 30.50, 151.00, 'warning', '2022-06-14 23:56:53'),
(616, 'iplant0001', 0.00, 30.50, 144.00, 'warning', '2022-06-14 23:56:58'),
(617, 'iplant0001', 0.00, 30.50, 166.00, 'warning', '2022-06-14 23:57:03'),
(618, 'iplant0001', 0.00, 30.50, 148.00, 'warning', '2022-06-14 23:57:09'),
(619, 'iplant0001', 0.00, 30.50, 149.00, 'warning', '2022-06-14 23:57:14'),
(620, 'iplant0001', 0.00, 30.50, 154.00, 'warning', '2022-06-14 23:57:20'),
(621, 'iplant0001', 0.00, 30.50, 143.00, 'warning', '2022-06-14 23:57:26'),
(622, 'iplant0001', 0.00, 30.50, 151.00, 'warning', '2022-06-14 23:57:31'),
(623, 'iplant0001', 0.00, 30.50, 149.00, 'warning', '2022-06-14 23:57:37'),
(624, 'iplant0001', 0.00, 30.50, 150.00, 'warning', '2022-06-14 23:57:42'),
(625, 'iplant0001', 0.00, 30.50, 111.00, 'warning', '2022-06-14 23:57:48'),
(626, 'iplant0001', 0.00, 30.50, 113.00, 'warning', '2022-06-14 23:57:53'),
(627, 'iplant0001', 0.00, 30.50, 214.00, 'warning', '2022-06-14 23:57:58'),
(628, 'iplant0001', 0.00, 30.50, 213.00, 'warning', '2022-06-14 23:58:04'),
(629, 'iplant0001', 0.00, 30.50, 118.00, 'warning', '2022-06-14 23:58:09'),
(630, 'iplant0001', 0.00, 30.50, 132.00, 'warning', '2022-06-14 23:58:15'),
(631, 'iplant0001', 0.00, 30.50, 379.00, 'warning', '2022-06-14 23:58:20'),
(632, 'iplant0001', 0.00, 30.50, 328.00, 'warning', '2022-06-14 23:58:26'),
(633, 'iplant0001', 0.00, 30.50, 122.00, 'warning', '2022-06-14 23:58:31'),
(634, 'iplant0001', 0.00, 30.50, 207.00, 'warning', '2022-06-14 23:58:37'),
(635, 'iplant0001', 8.00, 30.50, 128.00, 'warning', '2022-06-14 23:58:43'),
(636, 'iplant0001', 10.00, 30.50, 332.00, 'warning', '2022-06-14 23:58:48'),
(637, 'iplant0001', 10.00, 30.50, 201.00, 'warning', '2022-06-14 23:58:54'),
(638, 'iplant0001', 10.00, 30.50, 157.00, 'warning', '2022-06-14 23:58:59'),
(639, 'iplant0001', 0.00, 30.50, 137.00, 'warning', '2022-06-14 23:59:05'),
(640, 'iplant0001', 3.00, 30.50, 147.00, 'warning', '2022-06-14 23:59:10'),
(641, 'iplant0001', 0.00, 30.50, 178.00, 'warning', '2022-06-14 23:59:15'),
(642, 'iplant0001', 0.00, 30.50, 225.00, 'warning', '2022-06-14 23:59:21'),
(643, 'iplant0001', 0.00, 30.50, 353.00, 'warning', '2022-06-14 23:59:27'),
(644, 'iplant0001', 0.00, 30.50, 422.00, 'warning', '2022-06-14 23:59:32'),
(645, 'iplant0001', 9.00, 30.50, 264.00, 'warning', '2022-06-14 23:59:39'),
(646, 'iplant0001', 0.00, 30.50, 130.00, 'warning', '2022-06-14 23:59:44'),
(647, 'iplant0001', 0.00, 30.50, 140.00, 'warning', '2022-06-14 23:59:50'),
(648, 'iplant0001', 0.00, 30.50, 154.00, 'warning', '2022-06-14 23:59:55'),
(649, 'iplant0001', 0.00, 30.50, 234.00, 'warning', '2022-06-15 00:00:01'),
(650, 'iplant0001', 0.00, 30.50, 157.00, 'warning', '2022-06-15 00:00:06'),
(651, 'iplant0001', 0.00, 30.50, 177.00, 'warning', '2022-06-15 00:00:12'),
(652, 'iplant0001', 0.00, 30.50, 180.00, 'warning', '2022-06-15 00:00:17'),
(653, 'iplant0001', 0.00, 30.50, 248.00, 'warning', '2022-06-15 00:00:23'),
(654, 'iplant0001', 0.00, 30.50, 408.00, 'warning', '2022-06-15 00:00:28'),
(655, 'iplant0001', 0.00, 30.50, 171.00, 'warning', '2022-06-15 00:00:33'),
(656, 'iplant0001', 0.00, 30.50, 318.00, 'warning', '2022-06-15 00:00:39'),
(657, 'iplant0001', 0.00, 30.50, 318.00, 'warning', '2022-06-15 00:00:45'),
(658, 'iplant0001', 0.00, 30.50, 301.00, 'warning', '2022-06-15 00:00:50'),
(659, 'iplant0001', 0.00, 30.50, 78.00, 'warning', '2022-06-15 00:00:55'),
(660, 'iplant0001', 0.00, 30.50, 79.00, 'warning', '2022-06-15 00:01:01'),
(661, 'iplant0001', 0.00, 30.50, 100.00, 'warning', '2022-06-15 00:01:06'),
(662, 'iplant0001', 0.00, 30.50, 87.00, 'warning', '2022-06-15 00:01:12'),
(663, 'iplant0001', 0.00, 30.50, 60.00, 'warning', '2022-06-15 00:01:17'),
(664, 'iplant0001', 0.00, 30.50, 60.00, 'warning', '2022-06-15 00:01:23'),
(665, 'iplant0001', 0.00, 30.50, 53.00, 'warning', '2022-06-15 00:01:28'),
(666, 'iplant0001', 0.00, 30.50, 59.00, 'warning', '2022-06-15 00:01:34'),
(667, 'iplant0001', 0.00, 30.50, 123.00, 'warning', '2022-06-15 00:01:39'),
(668, 'iplant0001', 0.00, 30.50, 119.00, 'warning', '2022-06-15 00:01:45'),
(669, 'iplant0001', 0.00, 30.50, 581.00, 'warning', '2022-06-15 00:01:51'),
(670, 'iplant0001', 0.00, 30.50, 142.00, 'warning', '2022-06-15 00:01:56'),
(671, 'iplant0001', 0.00, 30.50, 146.00, 'warning', '2022-06-15 00:02:02'),
(672, 'iplant0001', 0.00, 30.50, 156.00, 'warning', '2022-06-15 00:02:07'),
(673, 'iplant0001', 0.00, 30.50, 139.00, 'warning', '2022-06-15 00:02:13'),
(674, 'iplant0001', 0.00, 30.50, 314.00, 'warning', '2022-06-15 00:02:18'),
(675, 'iplant0001', 0.00, 30.50, 135.00, 'warning', '2022-06-15 00:02:24'),
(676, 'iplant0001', 0.00, 30.50, 135.00, 'warning', '2022-06-15 00:02:29'),
(677, 'iplant0001', 0.00, 30.50, 135.00, 'warning', '2022-06-15 00:02:34'),
(678, 'iplant0001', 0.00, 30.50, 141.00, 'warning', '2022-06-15 00:02:40'),
(679, 'iplant0001', 0.00, 30.50, 446.00, 'warning', '2022-06-15 00:02:46'),
(680, 'iplant0001', 0.00, 30.50, 314.00, 'warning', '2022-06-15 00:02:51'),
(681, 'iplant0001', 0.00, 30.50, 218.00, 'warning', '2022-06-15 00:02:57'),
(682, 'iplant0001', 0.00, 30.50, 253.00, 'warning', '2022-06-15 00:03:02'),
(683, 'iplant0001', 14.00, 30.50, 544.00, 'warning', '2022-06-15 00:03:08'),
(684, 'iplant0001', 9.00, 30.50, 358.00, 'warning', '2022-06-15 00:03:13'),
(685, 'iplant0001', 10.00, 30.50, 312.00, 'warning', '2022-06-15 00:03:19'),
(686, 'iplant0001', 0.00, 30.50, 208.00, 'warning', '2022-06-15 00:03:25');
INSERT INTO `sensors` (`id`, `imei`, `soil_moisture`, `temperature_env`, `light_sensor`, `water_level`, `updated_at`) VALUES
(687, 'iplant0001', 0.00, 30.50, 263.00, 'warning', '2022-06-15 00:03:31'),
(688, 'iplant0001', 0.00, 30.50, 238.00, 'warning', '2022-06-15 00:03:37'),
(689, 'iplant0001', 0.00, 30.50, 357.00, 'warning', '2022-06-15 00:03:42'),
(690, 'iplant0001', 0.00, 30.50, 317.00, 'warning', '2022-06-15 00:03:48'),
(691, 'iplant0001', 0.00, 30.50, 143.00, 'warning', '2022-06-15 00:03:53'),
(692, 'iplant0001', 0.00, 30.50, 135.00, 'warning', '2022-06-15 00:03:59'),
(693, 'iplant0001', 0.00, 30.50, 103.00, 'warning', '2022-06-15 00:04:04'),
(694, 'iplant0001', 0.00, 30.50, 84.00, 'warning', '2022-06-15 00:04:09'),
(695, 'iplant0001', 0.00, 30.50, 151.00, 'warning', '2022-06-15 00:04:15'),
(696, 'iplant0001', 0.00, 30.50, 77.00, 'warning', '2022-06-15 00:04:20'),
(697, 'iplant0001', 0.00, 30.50, 132.00, 'warning', '2022-06-15 00:04:25'),
(698, 'iplant0001', 0.00, 30.50, 137.00, 'warning', '2022-06-15 00:04:31'),
(699, 'iplant0001', 0.00, 30.50, 238.00, 'warning', '2022-06-15 00:04:36'),
(700, 'iplant0001', 17.00, 30.50, 272.00, 'medium', '2022-06-15 00:08:21'),
(701, 'iplant0001', 0.00, 30.50, 168.00, 'medium', '2022-06-15 00:08:27'),
(702, 'iplant0001', 0.00, 30.50, 183.00, 'medium', '2022-06-15 00:08:32'),
(703, 'iplant0001', 0.00, 30.50, 116.00, 'medium', '2022-06-15 00:08:37'),
(704, 'iplant0001', 0.00, 30.50, 113.00, 'medium', '2022-06-15 00:08:43'),
(705, 'iplant0001', 10.00, 30.50, 348.00, 'medium', '2022-06-15 00:10:51'),
(706, 'iplant0001', 11.00, 30.50, 359.00, 'medium', '2022-06-15 00:11:02'),
(707, 'iplant0001', 0.00, 30.50, 467.00, 'medium', '2022-06-15 00:11:08'),
(708, 'iplant0001', 0.00, 30.50, 326.00, 'medium', '2022-06-15 00:11:13'),
(709, 'iplant0001', 0.00, 30.50, 247.00, 'medium', '2022-06-15 00:11:19'),
(710, 'iplant0001', 0.00, 30.50, 348.00, 'medium', '2022-06-15 00:11:24'),
(711, 'iplant0001', 0.00, 30.50, 226.00, 'medium', '2022-06-15 00:11:30'),
(712, 'iplant0001', 81.00, 30.50, 165.00, 'medium', '2022-06-15 00:11:36'),
(713, 'iplant0001', 66.00, 30.50, 147.00, 'medium', '2022-06-15 00:11:41'),
(714, 'iplant0001', 64.00, 30.50, 150.00, 'medium', '2022-06-15 00:11:47'),
(715, 'iplant0001', 62.00, 30.50, 124.00, 'medium', '2022-06-15 00:11:52'),
(716, 'iplant0001', 60.00, 30.50, 149.00, 'medium', '2022-06-15 00:12:03'),
(717, 'iplant0001', 59.00, 30.50, 147.00, 'medium', '2022-06-15 00:12:09'),
(718, 'iplant0001', 58.00, 30.50, 149.00, 'medium', '2022-06-15 00:12:14'),
(719, 'iplant0001', 58.00, 30.50, 128.00, 'medium', '2022-06-15 00:12:20'),
(720, 'iplant0001', 57.00, 30.50, 143.00, 'medium', '2022-06-15 00:12:26'),
(721, 'iplant0001', 56.00, 30.50, 128.00, 'medium', '2022-06-15 00:12:31'),
(722, 'iplant0001', 56.00, 30.50, 131.00, 'medium', '2022-06-15 00:12:37'),
(723, 'iplant0001', 55.00, 30.50, 130.00, 'medium', '2022-06-15 00:12:42'),
(724, 'iplant0001', 55.00, 30.50, 131.00, 'medium', '2022-06-15 00:12:53'),
(725, 'iplant0001', 54.00, 30.50, 117.00, 'medium', '2022-06-15 00:12:59'),
(726, 'iplant0001', 54.00, 30.50, 118.00, 'medium', '2022-06-15 00:13:04'),
(727, 'iplant0001', 54.00, 30.50, 180.00, 'medium', '2022-06-15 00:13:10'),
(728, 'iplant0001', 54.00, 30.50, 209.00, 'medium', '2022-06-15 00:13:15'),
(729, 'iplant0001', 54.00, 30.50, 140.00, 'medium', '2022-06-15 00:13:21'),
(730, 'iplant0001', 54.00, 30.50, 137.00, 'medium', '2022-06-15 00:13:26'),
(731, 'iplant0001', 53.00, 30.50, 124.00, 'medium', '2022-06-15 00:13:32'),
(732, 'iplant0001', 53.00, 30.50, 129.00, 'medium', '2022-06-15 00:13:37'),
(733, 'iplant0001', 53.00, 30.50, 120.00, 'medium', '2022-06-15 00:13:43'),
(734, 'iplant0001', 53.00, 30.50, 146.00, 'medium', '2022-06-15 00:13:48'),
(735, 'iplant0001', 53.00, 30.50, 366.00, 'medium', '2022-06-15 00:13:54'),
(736, 'iplant0001', 53.00, 30.50, 210.00, 'medium', '2022-06-15 00:13:59'),
(737, 'iplant0001', 53.00, 30.50, 216.00, 'medium', '2022-06-15 00:14:05'),
(738, 'iplant0001', 53.00, 30.50, 159.00, 'medium', '2022-06-15 00:14:10'),
(739, 'iplant0001', 53.00, 30.50, 156.00, 'medium', '2022-06-15 00:14:16'),
(740, 'iplant0001', 53.00, 30.50, 178.00, 'medium', '2022-06-15 00:14:22'),
(741, 'iplant0001', 52.00, 30.50, 194.00, 'medium', '2022-06-15 00:14:30'),
(742, 'iplant0001', 52.00, 30.50, 199.00, 'medium', '2022-06-15 00:14:36'),
(743, 'iplant0001', 52.00, 30.50, 203.00, 'medium', '2022-06-15 00:14:41'),
(744, 'iplant0001', 52.00, 30.50, 199.00, 'medium', '2022-06-15 00:14:47'),
(745, 'iplant0001', 52.00, 30.50, 200.00, 'medium', '2022-06-15 00:14:55'),
(746, 'iplant0001', 52.00, 30.50, 205.00, 'medium', '2022-06-15 00:15:01'),
(747, 'iplant0001', 52.00, 30.50, 280.00, 'medium', '2022-06-15 00:15:06'),
(748, 'iplant0001', 52.00, 30.50, 279.00, 'medium', '2022-06-15 00:15:12'),
(749, 'iplant0001', 52.00, 30.50, 280.00, 'medium', '2022-06-15 00:15:17'),
(750, 'iplant0001', 52.00, 30.50, 280.00, 'medium', '2022-06-15 00:15:23'),
(751, 'iplant0001', 52.00, 30.50, 288.00, 'medium', '2022-06-15 00:15:28'),
(752, 'iplant0001', 52.00, 30.50, 181.00, 'medium', '2022-06-15 00:15:33'),
(753, 'iplant0001', 52.00, 30.50, 281.00, 'medium', '2022-06-15 00:15:39'),
(754, 'iplant0001', 52.00, 30.50, 298.00, 'medium', '2022-06-15 00:15:44'),
(755, 'iplant0001', 52.00, 30.50, 209.00, 'medium', '2022-06-15 00:15:50'),
(756, 'iplant0001', 52.00, 30.50, 194.00, 'medium', '2022-06-15 00:15:56'),
(757, 'iplant0001', 52.00, 30.50, 209.00, 'medium', '2022-06-15 00:16:01'),
(758, 'iplant0001', 52.00, 30.50, 219.00, 'medium', '2022-06-15 00:16:07'),
(759, 'iplant0001', 52.00, 30.50, 214.00, 'medium', '2022-06-15 00:16:12'),
(760, 'iplant0001', 52.00, 30.50, 199.00, 'medium', '2022-06-15 00:16:18'),
(761, 'iplant0001', 52.00, 30.50, 210.00, 'medium', '2022-06-15 00:16:23'),
(762, 'iplant0001', 52.00, 30.50, 201.00, 'medium', '2022-06-15 00:16:29'),
(763, 'iplant0001', 52.00, 30.50, 198.00, 'medium', '2022-06-15 00:16:34'),
(764, 'iplant0001', 52.00, 30.50, 207.00, 'medium', '2022-06-15 00:16:40'),
(765, 'iplant0001', 52.00, 30.50, 204.00, 'medium', '2022-06-15 00:16:46'),
(766, 'iplant0001', 51.00, 30.50, 192.00, 'medium', '2022-06-15 00:16:51'),
(767, 'iplant0001', 51.00, 30.50, 199.00, 'medium', '2022-06-15 00:16:57'),
(768, 'iplant0001', 51.00, 30.50, 212.00, 'medium', '2022-06-15 00:17:02'),
(769, 'iplant0001', 51.00, 30.50, 202.00, 'medium', '2022-06-15 00:17:08'),
(770, 'iplant0001', 51.00, 30.50, 216.00, 'medium', '2022-06-15 00:17:13'),
(771, 'iplant0001', 51.00, 30.50, 357.00, 'medium', '2022-06-15 00:17:19'),
(772, 'iplant0001', 51.00, 30.50, 326.00, 'medium', '2022-06-15 00:17:24'),
(773, 'iplant0001', 52.00, 30.50, 215.00, 'medium', '2022-06-15 00:40:11'),
(774, 'iplant0001', 52.00, 30.50, 228.00, 'medium', '2022-06-15 00:40:17'),
(775, 'iplant0001', 50.00, 30.50, 212.00, 'medium', '2022-06-15 00:40:23'),
(776, 'iplant0001', 49.00, 30.50, 213.00, 'medium', '2022-06-15 00:40:29'),
(777, 'iplant0001', 49.00, 30.50, 381.00, 'medium', '2022-06-15 00:40:42'),
(778, 'iplant0001', 49.00, 30.50, 330.00, 'medium', '2022-06-15 00:40:47'),
(779, 'iplant0001', 49.00, 30.50, 340.00, 'medium', '2022-06-15 00:40:52'),
(780, 'iplant0001', 49.00, 30.50, 172.00, 'medium', '2022-06-15 00:40:58'),
(781, 'iplant0001', 49.00, 30.50, 174.00, 'medium', '2022-06-15 00:41:04'),
(782, 'iplant0001', 49.00, 30.50, 229.00, 'medium', '2022-06-15 00:41:10'),
(783, 'iplant0001', 49.00, 30.50, 310.00, 'medium', '2022-06-15 00:41:15'),
(784, 'iplant0001', 49.00, 30.50, 350.00, 'medium', '2022-06-15 00:41:21'),
(785, 'iplant0001', 49.00, 30.50, 903.00, 'medium', '2022-06-15 00:41:27'),
(786, 'iplant0001', 49.00, 30.50, 303.00, 'medium', '2022-06-15 00:41:32'),
(787, 'iplant0001', 49.00, 30.50, 2422.00, 'medium', '2022-06-15 00:41:37'),
(788, 'iplant0001', 49.00, 30.50, 2483.00, 'medium', '2022-06-15 00:41:43'),
(789, 'iplant0001', 49.00, 30.50, 2474.00, 'medium', '2022-06-15 00:41:49'),
(790, 'iplant0001', 49.00, 30.50, 2477.00, 'medium', '2022-06-15 00:41:54'),
(791, 'iplant0001', 49.00, 30.50, 2473.00, 'medium', '2022-06-15 00:42:00'),
(792, 'iplant0001', 49.00, 30.50, 1895.00, 'medium', '2022-06-15 00:42:05'),
(793, 'iplant0001', 49.00, 30.50, 299.00, 'medium', '2022-06-15 00:42:11'),
(794, 'iplant0001', 49.00, 30.50, 285.00, 'medium', '2022-06-15 00:42:16'),
(795, 'iplant0001', 49.00, 30.50, 235.00, 'medium', '2022-06-15 00:42:22'),
(796, 'iplant0001', 49.00, 30.50, 239.00, 'medium', '2022-06-15 00:42:27'),
(797, 'iplant0001', 49.00, 30.50, 235.00, 'medium', '2022-06-15 00:42:33'),
(798, 'iplant0001', 49.00, 30.50, 233.00, 'medium', '2022-06-15 00:42:39'),
(799, 'iplant0001', 49.00, 30.50, 388.00, 'medium', '2022-06-15 00:42:44'),
(800, 'iplant0001', 49.00, 30.50, 381.00, 'medium', '2022-06-15 00:42:50'),
(801, 'iplant0001', 49.00, 30.50, 402.00, 'medium', '2022-06-15 00:42:55'),
(802, 'iplant0001', 49.00, 30.50, 421.00, 'medium', '2022-06-15 00:43:01'),
(803, 'iplant0001', 49.00, 30.50, 257.00, 'medium', '2022-06-15 00:43:06'),
(804, 'iplant0001', 49.00, 30.50, 239.00, 'medium', '2022-06-15 00:43:12'),
(805, 'iplant0001', 49.00, 30.50, 225.00, 'medium', '2022-06-15 00:43:17'),
(806, 'iplant0001', 49.00, 30.50, 175.00, 'medium', '2022-06-15 00:43:22'),
(807, 'iplant0001', 49.00, 30.50, 183.00, 'medium', '2022-06-15 00:43:28'),
(808, 'iplant0001', 49.00, 30.50, 406.00, 'medium', '2022-06-15 00:43:34'),
(809, 'iplant0001', 49.00, 30.50, 232.00, 'medium', '2022-06-15 00:43:45'),
(810, 'iplant0001', 49.00, 30.50, 415.00, 'medium', '2022-06-15 00:43:51'),
(811, 'iplant0001', 49.00, 30.50, 188.00, 'medium', '2022-06-15 00:43:56'),
(812, 'iplant0001', 49.00, 30.50, 164.00, 'medium', '2022-06-15 00:44:02'),
(813, 'iplant0001', 49.00, 30.50, 188.00, 'medium', '2022-06-15 00:44:07'),
(814, 'iplant0001', 49.00, 30.50, 333.00, 'medium', '2022-06-15 00:44:13'),
(815, 'iplant0001', 49.00, 30.50, 751.00, 'medium', '2022-06-15 00:44:19'),
(816, 'iplant0001', 49.00, 30.50, 204.00, 'medium', '2022-06-15 00:44:24'),
(817, 'iplant0001', 49.00, 30.50, 472.00, 'medium', '2022-06-15 00:44:30'),
(818, 'iplant0001', 49.00, 30.50, 167.00, 'medium', '2022-06-15 00:44:36'),
(819, 'iplant0001', 49.00, 30.50, 151.00, 'medium', '2022-06-15 00:44:42'),
(820, 'iplant0001', 49.00, 30.50, 170.00, 'medium', '2022-06-15 00:44:47'),
(821, 'iplant0001', 49.00, 30.50, 192.00, 'medium', '2022-06-15 00:44:53'),
(822, 'iplant0001', 49.00, 30.50, 162.00, 'medium', '2022-06-15 00:44:59'),
(823, 'iplant0001', 49.00, 30.50, 172.00, 'medium', '2022-06-15 00:45:04'),
(824, 'iplant0001', 49.00, 30.50, 172.00, 'medium', '2022-06-15 00:45:10'),
(825, 'iplant0001', 49.00, 30.50, 177.00, 'medium', '2022-06-15 00:45:16'),
(826, 'iplant0001', 49.00, 30.50, 182.00, 'medium', '2022-06-15 00:45:21'),
(827, 'iplant0001', 49.00, 30.50, 167.00, 'medium', '2022-06-15 00:45:27'),
(828, 'iplant0001', 49.00, 30.50, 176.00, 'medium', '2022-06-15 00:45:33'),
(829, 'iplant0001', 49.00, 30.50, 144.00, 'medium', '2022-06-15 00:45:38'),
(830, 'iplant0001', 49.00, 30.50, 163.00, 'medium', '2022-06-15 00:46:37'),
(831, 'iplant0001', 49.00, 30.50, 240.00, 'medium', '2022-06-15 00:46:42'),
(832, 'iplant0001', 49.00, 30.50, 213.00, 'medium', '2022-06-15 00:46:48'),
(833, 'iplant0001', 49.00, 30.50, 197.00, 'medium', '2022-06-15 00:46:54'),
(834, 'iplant0001', 49.00, 30.50, 562.00, 'warning', '2022-06-15 01:01:21'),
(835, 'iplant0001', 49.00, 30.50, 397.00, 'warning', '2022-06-15 01:01:26'),
(836, 'iplant0001', 53.00, 30.50, 132.00, 'medium', '2022-06-15 01:03:41'),
(837, 'iplant0001', 53.00, 30.50, 164.00, 'medium', '2022-06-15 01:03:47'),
(838, 'iplant0001', 53.00, 30.50, 141.00, 'medium', '2022-06-15 01:03:53'),
(839, 'iplant0001', 53.00, 30.50, 141.00, 'medium', '2022-06-15 01:03:58'),
(840, 'iplant0001', 53.00, 30.50, 100.00, 'medium', '2022-06-15 01:04:04'),
(841, 'iplant0001', 50.00, 30.50, 166.00, 'full', '2022-06-15 01:07:23'),
(842, 'iplant0001', 50.00, 30.50, 167.00, 'full', '2022-06-15 01:07:29'),
(843, 'iplant0001', 50.00, 30.50, 177.00, 'full', '2022-06-15 01:07:34'),
(844, 'iplant0001', 50.00, 30.50, 171.00, 'full', '2022-06-15 01:07:40'),
(845, 'iplant0001', 50.00, 30.50, 167.00, 'full', '2022-06-15 01:07:45'),
(846, 'iplant0001', 50.00, 30.50, 123.00, 'full', '2022-06-15 01:07:51'),
(847, 'iplant0001', 50.00, 30.50, 126.00, 'full', '2022-06-15 01:07:56'),
(848, 'iplant0001', 52.00, 30.50, 292.00, 'full', '2022-06-15 01:09:36'),
(849, 'iplant0001', 50.00, 30.50, 270.00, 'full', '2022-06-15 01:09:42'),
(850, 'iplant0001', 50.00, 30.50, 287.00, 'full', '2022-06-15 01:09:48'),
(851, 'iplant0001', 50.00, 30.50, 936.00, 'full', '2022-06-15 01:09:54'),
(852, 'iplant0001', 50.00, 30.50, 715.00, 'full', '2022-06-15 01:10:00'),
(853, 'iplant0001', 50.00, 30.50, 430.00, 'full', '2022-06-15 01:43:58'),
(854, 'iplant0001', 50.00, 30.50, 1482.00, 'full', '2022-06-15 01:45:04'),
(855, 'iplant0001', 50.00, 30.50, 216.00, 'full', '2022-06-15 01:45:12'),
(856, 'iplant0001', 50.00, 30.50, 2838.00, 'full', '2022-06-15 01:48:05'),
(857, 'iplant0001', 50.00, 30.50, 1738.00, 'full', '2022-06-15 01:48:11'),
(858, 'iplant0001', 50.00, 30.50, 444.00, 'full', '2022-06-15 01:48:16'),
(859, 'iplant0001', 50.00, 30.50, 510.00, 'full', '2022-06-15 01:48:22'),
(860, 'iplant0001', 50.00, 30.50, 414.00, 'full', '2022-06-15 01:48:27'),
(861, 'iplant0001', 50.00, 30.50, 463.00, 'full', '2022-06-15 01:48:33'),
(862, 'iplant0001', 50.00, 30.50, 968.00, 'full', '2022-06-15 01:48:39'),
(863, 'iplant0001', 50.00, 30.50, 1065.00, 'full', '2022-06-15 01:48:44'),
(864, 'iplant0001', 50.00, 30.50, 1058.00, 'full', '2022-06-15 01:48:50'),
(865, 'iplant0001', 50.00, 30.50, 2218.00, 'full', '2022-06-15 01:49:23'),
(866, 'iplant0001', 50.00, 30.50, 1003.00, 'full', '2022-06-15 01:51:44'),
(867, 'iplant0001', 50.00, 30.50, 1009.00, 'full', '2022-06-15 01:51:49'),
(868, 'iplant0001', 50.00, 30.50, 471.00, 'full', '2022-06-15 01:51:55'),
(869, 'iplant0001', 50.00, 30.50, 264.00, 'full', '2022-06-15 01:52:01'),
(870, 'iplant0001', 50.00, 30.50, 207.00, 'full', '2022-06-15 01:52:08'),
(871, 'iplant0001', 50.00, 30.50, 477.00, 'full', '2022-06-15 01:52:12'),
(872, 'iplant0001', 50.00, 30.50, 507.00, 'full', '2022-06-15 01:52:17'),
(873, 'iplant0001', 50.00, 31.87, 484.00, 'full', '2022-06-15 01:53:14'),
(874, 'iplant0001', 50.00, 31.80, 773.00, 'full', '2022-06-15 01:53:19'),
(875, 'iplant0001', 50.00, 31.69, 1143.00, 'full', '2022-06-15 01:53:25'),
(876, 'iplant0001', 50.00, 31.66, 60.00, 'full', '2022-06-15 01:53:30'),
(877, 'iplant0001', 50.00, 31.89, 48.00, 'full', '2022-06-15 01:53:36'),
(878, 'iplant0001', 50.00, 32.10, 606.00, 'full', '2022-06-15 01:53:42'),
(879, 'iplant0001', 50.00, 32.17, 705.00, 'full', '2022-06-15 01:53:47'),
(880, 'iplant0001', 50.00, 32.10, 725.00, 'full', '2022-06-15 01:53:53'),
(881, 'iplant0001', 50.00, 32.06, 774.00, 'full', '2022-06-15 01:53:58'),
(882, 'iplant0001', 50.00, 31.97, 788.00, 'full', '2022-06-15 01:54:04'),
(883, 'iplant0001', 50.00, 31.87, 929.00, 'full', '2022-06-15 01:54:10'),
(884, 'iplant0001', 50.00, 31.80, 1542.00, 'full', '2022-06-15 01:54:16'),
(885, 'iplant0001', 52.00, 31.76, 1545.00, 'full', '2022-06-15 01:54:23'),
(886, 'iplant0001', 51.00, 31.73, 513.00, 'full', '2022-06-15 01:54:28'),
(887, 'iplant0001', 52.00, 31.68, 571.00, 'full', '2022-06-15 01:54:34'),
(888, 'iplant0001', 54.00, 31.10, 4293.00, 'warning', '2022-06-15 02:29:53'),
(889, 'iplant0001', 54.00, 31.10, 4370.00, 'warning', '2022-06-15 02:29:59'),
(890, 'iplant0001', 53.00, 30.80, 4199.00, 'warning', '2022-06-15 02:30:38'),
(891, 'iplant0001', 53.00, 30.70, 4232.00, 'warning', '2022-06-15 02:30:43'),
(892, 'iplant0001', 53.00, 30.66, 4168.00, 'warning', '2022-06-15 02:30:48'),
(893, 'iplant0001', 53.00, 30.69, 4238.00, 'warning', '2022-06-15 02:30:53'),
(894, 'iplant0001', 53.00, 30.67, 4204.00, 'full', '2022-06-15 02:30:59'),
(895, 'iplant0001', 52.00, 30.69, 3909.00, 'warning', '2022-06-15 02:31:09'),
(896, 'iplant0001', 52.00, 30.69, 3118.00, 'warning', '2022-06-15 02:31:14'),
(897, 'iplant0001', 52.00, 30.71, 3505.00, 'warning', '2022-06-15 02:31:20'),
(898, 'iplant0001', 52.00, 30.73, 3712.00, 'warning', '2022-06-15 02:31:25'),
(899, 'iplant0001', 52.00, 30.75, 2015.00, 'warning', '2022-06-15 02:31:31'),
(900, 'iplant0001', 52.00, 30.78, 3096.00, 'warning', '2022-06-15 02:31:37'),
(901, 'iplant0001', 52.00, 30.81, 3521.00, 'full', '2022-06-15 02:31:42'),
(902, 'iplant0001', 52.00, 30.84, 3661.00, 'warning', '2022-06-15 02:31:47'),
(903, 'iplant0001', 52.00, 30.85, 3834.00, 'warning', '2022-06-15 02:31:53'),
(904, 'iplant0001', 52.00, 30.87, 3763.00, 'warning', '2022-06-15 02:31:59'),
(905, 'iplant0001', 52.00, 30.84, 3974.00, 'low', '2022-06-15 02:32:04'),
(906, 'iplant0001', 52.00, 30.84, 3851.00, 'warning', '2022-06-15 02:32:09'),
(907, 'iplant0001', 52.00, 30.87, 3743.00, 'warning', '2022-06-15 02:32:16'),
(908, 'iplant0001', 52.00, 30.87, 3884.00, 'medium', '2022-06-15 02:32:22'),
(909, 'iplant0001', 52.00, 30.90, 3951.00, 'warning', '2022-06-15 02:32:27'),
(910, 'iplant0001', 52.00, 30.91, 3953.00, 'warning', '2022-06-15 02:32:33'),
(911, 'iplant0001', 52.00, 30.94, 3938.00, 'warning', '2022-06-15 02:32:39'),
(912, 'iplant0001', 51.00, 30.97, 3940.00, 'warning', '2022-06-15 02:32:44'),
(913, 'iplant0001', 51.00, 30.98, 3927.00, 'warning', '2022-06-15 02:32:50'),
(914, 'iplant0001', 51.00, 30.99, 3944.00, 'warning', '2022-06-15 02:32:56'),
(915, 'iplant0001', 51.00, 30.94, 3826.00, 'warning', '2022-06-15 02:33:01'),
(916, 'iplant0001', 51.00, 30.90, 3750.00, 'warning', '2022-06-15 02:33:07'),
(917, 'iplant0001', 51.00, 30.88, 3977.00, 'low', '2022-06-15 02:33:12'),
(918, 'iplant0001', 51.00, 30.90, 4012.00, 'warning', '2022-06-15 02:33:17'),
(919, 'iplant0001', 51.00, 30.85, 3783.00, 'warning', '2022-06-15 02:33:23'),
(920, 'iplant0001', 51.00, 30.91, 2818.00, 'warning', '2022-06-15 02:33:46'),
(921, 'iplant0001', 54.00, 30.97, 3508.00, 'warning', '2022-06-15 02:34:08'),
(922, 'iplant0001', 54.00, 30.99, 3556.00, 'medium', '2022-06-15 02:34:14'),
(923, 'iplant0001', 54.00, 31.02, 3751.00, 'warning', '2022-06-15 02:34:19'),
(924, 'iplant0001', 52.00, 31.05, 3851.00, 'warning', '2022-06-15 02:34:24'),
(925, 'iplant0001', 51.00, 31.08, 3852.00, 'warning', '2022-06-15 02:34:30'),
(926, 'iplant0001', 51.00, 31.14, 3872.00, 'warning', '2022-06-15 02:34:39'),
(927, 'iplant0001', 50.00, 33.85, 4009.00, 'warning', '2022-06-15 02:36:16'),
(928, 'iplant0001', 50.00, 34.04, 4023.00, 'warning', '2022-06-15 02:36:22'),
(929, 'iplant0001', 50.00, 34.25, 4056.00, 'warning', '2022-06-15 02:36:27'),
(930, 'iplant0001', 50.00, 34.12, 378.00, 'warning', '2022-06-15 02:37:39'),
(931, 'iplant0001', 50.00, 34.06, 296.00, 'warning', '2022-06-15 02:37:43'),
(932, 'iplant0001', 50.00, 33.98, 1048.00, 'warning', '2022-06-15 02:37:48'),
(933, 'iplant0001', 50.00, 33.89, 1195.00, 'warning', '2022-06-15 02:37:54'),
(934, 'iplant0001', 50.00, 33.85, 1223.00, 'warning', '2022-06-15 02:37:59'),
(935, 'iplant0001', 50.00, 33.81, 1291.00, 'warning', '2022-06-15 02:38:05'),
(936, 'iplant0001', 50.00, 33.82, 1360.00, 'warning', '2022-06-15 02:38:11'),
(937, 'iplant0001', 50.00, 33.79, 1029.00, 'warning', '2022-06-15 02:38:16'),
(938, 'iplant0001', 50.00, 33.71, 398.00, 'low', '2022-06-15 02:38:21'),
(939, 'iplant0001', 50.00, 33.65, 576.00, 'warning', '2022-06-15 02:38:27'),
(940, 'iplant0001', 50.00, 33.56, 516.00, 'warning', '2022-06-15 02:38:32'),
(941, 'iplant0001', 50.00, 33.41, 512.00, 'low', '2022-06-15 02:38:38'),
(942, 'iplant0001', 50.00, 33.33, 603.00, 'low', '2022-06-15 02:38:44'),
(943, 'iplant0001', 50.00, 33.20, 629.00, 'warning', '2022-06-15 02:38:49'),
(944, 'iplant0001', 50.00, 33.12, 566.00, 'low', '2022-06-15 02:38:55'),
(945, 'iplant0001', 50.00, 33.02, 427.00, 'low', '2022-06-15 02:39:00'),
(946, 'iplant0001', 50.00, 32.93, 674.00, 'medium', '2022-06-15 02:39:06'),
(947, 'iplant0001', 50.00, 32.87, 861.00, 'medium', '2022-06-15 02:39:12'),
(948, 'iplant0001', 50.00, 32.82, 844.00, 'medium', '2022-06-15 02:39:17'),
(949, 'iplant0001', 50.00, 32.72, 1738.00, 'medium', '2022-06-15 02:39:23'),
(950, 'iplant0001', 50.00, 32.64, 430.00, 'medium', '2022-06-15 02:39:28'),
(951, 'iplant0001', 50.00, 32.54, 1378.00, 'medium', '2022-06-15 02:39:33'),
(952, 'iplant0001', 50.00, 32.44, 1426.00, 'medium', '2022-06-15 02:39:39'),
(953, 'iplant0001', 50.00, 32.41, 1525.00, 'medium', '2022-06-15 02:39:45'),
(954, 'iplant0001', 49.00, 32.34, 1502.00, 'medium', '2022-06-15 02:39:51'),
(955, 'iplant0001', 49.00, 32.24, 301.00, 'medium', '2022-06-15 02:39:57'),
(956, 'iplant0001', 49.00, 32.21, 296.00, 'medium', '2022-06-15 02:40:03'),
(957, 'iplant0001', 49.00, 32.17, 305.00, 'medium', '2022-06-15 02:40:08'),
(958, 'iplant0001', 49.00, 32.11, 277.00, 'medium', '2022-06-15 02:40:14'),
(959, 'iplant0001', 49.00, 32.04, 454.00, 'medium', '2022-06-15 02:40:20'),
(960, 'iplant0001', 49.00, 31.94, 1242.00, 'medium', '2022-06-15 02:40:26'),
(961, 'iplant0001', 49.00, 31.93, 1069.00, 'medium', '2022-06-15 02:40:31'),
(962, 'iplant0001', 49.00, 31.96, 1038.00, 'medium', '2022-06-15 02:40:37'),
(963, 'iplant0001', 49.00, 31.96, 1322.00, 'medium', '2022-06-15 02:40:45'),
(964, 'iplant0001', 49.00, 31.94, 1850.00, 'medium', '2022-06-15 02:40:52'),
(965, 'iplant0001', 49.00, 32.01, 1822.00, 'medium', '2022-06-15 02:40:57'),
(966, 'iplant0001', 49.00, 32.03, 1835.00, 'medium', '2022-06-15 02:41:03'),
(967, 'iplant0001', 49.00, 32.07, 1914.00, 'medium', '2022-06-15 02:41:09'),
(968, 'iplant0001', 49.00, 32.07, 1456.00, 'full', '2022-06-15 02:41:15'),
(969, 'iplant0001', 49.00, 32.06, 1638.00, 'full', '2022-06-15 02:41:22'),
(970, 'iplant0001', 49.00, 32.03, 1559.00, 'low', '2022-06-15 02:41:27'),
(971, 'iplant0001', 49.00, 32.04, 1474.00, 'low', '2022-06-15 02:41:32'),
(972, 'iplant0001', 49.00, 32.04, 1726.00, 'low', '2022-06-15 02:41:38'),
(973, 'iplant0001', 49.00, 32.08, 1796.00, 'medium', '2022-06-15 02:41:44'),
(974, 'iplant0001', 49.00, 32.06, 1755.00, 'medium', '2022-06-15 02:41:50'),
(975, 'iplant0001', 49.00, 32.01, 1436.00, 'medium', '2022-06-15 02:41:56'),
(976, 'iplant0001', 49.00, 32.07, 1482.00, 'medium', '2022-06-15 02:42:01'),
(977, 'iplant0001', 49.00, 32.04, 1651.00, 'medium', '2022-06-15 02:42:07'),
(978, 'iplant0001', 49.00, 32.04, 1706.00, 'medium', '2022-06-15 02:42:13'),
(979, 'iplant0001', 49.00, 32.07, 1891.00, 'medium', '2022-06-15 02:42:19'),
(980, 'iplant0001', 49.00, 32.11, 1879.00, 'medium', '2022-06-15 02:42:24'),
(981, 'iplant0001', 49.00, 32.10, 1859.00, 'medium', '2022-06-15 02:42:30'),
(982, 'iplant0001', 49.00, 32.11, 1927.00, 'low', '2022-06-15 02:42:35'),
(983, 'iplant0001', 49.00, 32.11, 1191.00, 'low', '2022-06-15 02:43:00'),
(984, 'iplant0001', 49.00, 32.10, 1296.00, 'low', '2022-06-15 02:43:06'),
(985, 'iplant0001', 49.00, 32.11, 1534.00, 'low', '2022-06-15 02:43:11'),
(986, 'iplant0001', 50.00, 32.11, 1301.00, 'medium', '2022-06-15 02:43:16'),
(987, 'iplant0001', 49.00, 32.07, 1228.00, 'medium', '2022-06-15 02:43:22'),
(988, 'iplant0001', 49.00, 32.07, 1259.00, 'low', '2022-06-15 02:43:27'),
(989, 'iplant0001', 49.00, 32.10, 1403.00, 'medium', '2022-06-15 02:43:32'),
(990, 'iplant0001', 49.00, 32.11, 1218.00, 'low', '2022-06-15 02:43:39'),
(991, 'iplant0001', 49.00, 32.08, 1199.00, 'medium', '2022-06-15 02:43:44'),
(992, 'iplant0001', 49.00, 31.97, 1659.00, 'low', '2022-06-15 02:45:03'),
(993, 'iplant0001', 51.00, 31.91, 1816.00, 'low', '2022-06-15 02:45:08'),
(994, 'iplant0001', 50.00, 31.91, 1555.00, 'low', '2022-06-15 02:45:14'),
(995, 'iplant0001', 65.00, 31.84, 1575.00, 'low', '2022-06-15 02:45:19'),
(996, 'iplant0001', 64.00, 31.86, 1669.00, 'low', '2022-06-15 02:45:25'),
(997, 'iplant0001', 63.00, 31.83, 1776.00, 'low', '2022-06-15 02:45:31'),
(998, 'iplant0001', 58.00, 31.76, 1668.00, 'low', '2022-06-15 02:46:16'),
(999, 'iplant0001', 61.00, 31.73, 1613.00, 'full', '2022-06-15 02:46:22'),
(1000, 'iplant0001', 65.00, 31.76, 1395.00, 'low', '2022-06-15 02:46:27'),
(1001, 'iplant0001', 63.00, 31.72, 979.00, 'low', '2022-06-15 02:46:33'),
(1002, 'iplant0001', 61.00, 31.72, 1566.00, 'low', '2022-06-15 02:46:39'),
(1003, 'iplant0001', 58.00, 31.72, 1502.00, 'low', '2022-06-15 02:46:44'),
(1004, 'iplant0001', 57.00, 31.73, 1030.00, 'low', '2022-06-15 02:46:50'),
(1005, 'iplant0001', 57.00, 31.72, 1224.00, 'low', '2022-06-15 02:46:56'),
(1006, 'iplant0001', 56.00, 31.76, 1216.00, 'low', '2022-06-15 02:47:02'),
(1007, 'iplant0001', 56.00, 31.75, 1479.00, 'low', '2022-06-15 02:47:08'),
(1008, 'iplant0001', 56.00, 31.79, 1286.00, 'low', '2022-06-15 02:47:13'),
(1009, 'iplant0001', 56.00, 31.77, 1349.00, 'low', '2022-06-15 02:47:18'),
(1010, 'iplant0001', 53.00, 32.45, 1254.00, 'medium', '2022-06-15 02:52:10'),
(1011, 'iplant0001', 53.00, 32.44, 1601.00, 'medium', '2022-06-15 02:52:13'),
(1012, 'iplant0001', 53.00, 32.46, 1503.00, 'low', '2022-06-15 02:52:19'),
(1013, 'iplant0001', 156.00, 32.46, 1543.00, 'low', '2022-06-15 02:52:26'),
(1014, 'iplant0001', 60.00, 32.46, 1014.00, 'low', '2022-06-15 02:52:32'),
(1015, 'iplant0001', 60.00, 32.48, 1298.00, 'medium', '2022-06-15 02:52:38'),
(1016, 'iplant0001', 59.00, 32.48, 1415.00, 'medium', '2022-06-15 02:52:44'),
(1017, 'iplant0001', 58.00, 32.50, 1336.00, 'medium', '2022-06-15 02:52:50'),
(1018, 'iplant0001', 56.00, 32.51, 1452.00, 'low', '2022-06-15 02:52:56'),
(1019, 'iplant0001', 56.00, 32.52, 874.00, 'low', '2022-06-15 02:53:01'),
(1020, 'iplant0001', 55.00, 32.52, 627.00, 'low', '2022-06-15 02:53:07'),
(1021, 'iplant0001', 55.00, 32.52, 848.00, 'low', '2022-06-15 02:53:13'),
(1022, 'iplant0001', 57.00, 32.50, 965.00, 'low', '2022-06-15 02:53:19'),
(1023, 'iplant0001', 61.00, 32.48, 1387.00, 'low', '2022-06-15 02:53:24'),
(1024, 'iplant0001', 59.00, 32.48, 1293.00, 'medium', '2022-06-15 02:53:30'),
(1025, 'iplant0001', 59.00, 32.48, 1425.00, 'medium', '2022-06-15 02:53:35'),
(1026, 'iplant0001', 58.00, 32.48, 977.00, 'low', '2022-06-15 02:53:41'),
(1027, 'iplant0001', 56.00, 30.94, 181.00, 'low', '2022-06-15 03:06:00'),
(1028, 'iplant0001', 56.00, 30.94, 181.00, 'low', '2022-06-15 03:06:05'),
(1029, 'iplant0001', 56.00, 30.98, 183.00, 'low', '2022-06-15 03:06:11'),
(1030, 'iplant0001', 56.00, 30.95, 163.00, 'low', '2022-06-15 03:06:17'),
(1031, 'iplant0001', 57.00, 30.98, 561.00, 'low', '2022-06-15 03:06:22'),
(1032, 'iplant0001', 57.00, 30.94, 168.00, 'low', '2022-06-15 03:06:27'),
(1033, 'iplant0001', 54.00, 30.85, 121.00, 'low', '2022-06-15 03:10:03'),
(1034, 'iplant0001', 54.00, 30.85, 168.00, 'low', '2022-06-15 03:10:08'),
(1035, 'iplant0001', 54.00, 30.84, 172.00, 'low', '2022-06-15 03:10:14'),
(1036, 'iplant0001', 54.00, 30.81, 172.00, 'low', '2022-06-15 03:10:20'),
(1037, 'iplant0001', 54.00, 30.81, 173.00, 'low', '2022-06-15 03:10:26'),
(1038, 'iplant0001', 54.00, 30.78, 173.00, 'low', '2022-06-15 03:10:31'),
(1039, 'iplant0001', 54.00, 30.80, 171.00, 'low', '2022-06-15 03:10:38'),
(1040, 'iplant0001', 54.00, 30.75, 168.00, 'low', '2022-06-15 03:10:44'),
(1041, 'iplant0001', 54.00, 30.77, 170.00, 'low', '2022-06-15 03:10:49'),
(1042, 'iplant0001', 54.00, 30.73, 412.00, 'low', '2022-06-15 03:10:55'),
(1043, 'iplant0001', 54.00, 30.71, 168.00, 'warning', '2022-06-15 03:11:01'),
(1044, 'iplant0001', 59.00, 30.69, 171.00, 'warning', '2022-06-15 03:11:07'),
(1045, 'iplant0001', 58.00, 30.69, 149.00, 'medium', '2022-06-15 03:11:13'),
(1046, 'iplant0001', 58.00, 30.66, 192.00, 'medium', '2022-06-15 03:11:19'),
(1047, 'iplant0001', 58.00, 30.62, 167.00, 'low', '2022-06-15 03:11:25'),
(1048, 'iplant0001', 57.00, 30.57, 177.00, 'low', '2022-06-15 03:11:31'),
(1049, 'iplant0001', 56.00, 30.57, 196.00, 'low', '2022-06-15 03:11:36'),
(1050, 'iplant0001', 56.00, 30.55, 198.00, 'low', '2022-06-15 03:11:42'),
(1051, 'iplant0001', 56.00, 30.52, 200.00, 'low', '2022-06-15 03:11:48'),
(1052, 'iplant0001', 56.00, 30.53, 201.00, 'low', '2022-06-15 03:11:54'),
(1053, 'iplant0001', 55.00, 30.52, 199.00, 'low', '2022-06-15 03:12:01'),
(1054, 'iplant0001', 55.00, 30.48, 202.00, 'low', '2022-06-15 03:12:07'),
(1055, 'iplant0001', 51.00, 28.51, 167.00, 'low', '2022-06-15 03:42:18'),
(1056, 'iplant0001', 53.00, 28.44, 360.00, 'low', '2022-06-15 03:42:23'),
(1057, 'iplant0001', 52.00, 28.45, 122.00, 'low', '2022-06-15 03:42:28'),
(1058, 'iplant0001', 51.00, 28.47, 126.00, 'low', '2022-06-15 03:42:34'),
(1059, 'iplant0001', 51.00, 28.45, 126.00, 'full', '2022-06-15 03:42:39'),
(1060, 'iplant0001', 51.00, 28.45, 124.00, 'low', '2022-06-15 03:42:46'),
(1061, 'iplant0001', 51.00, 28.44, 112.00, 'low', '2022-06-15 03:42:51'),
(1062, 'iplant0001', 51.00, 28.47, 101.00, 'low', '2022-06-15 03:42:58'),
(1063, 'iplant0001', 51.00, 28.48, 49.00, 'low', '2022-06-15 03:43:02'),
(1064, 'iplant0001', 53.00, 28.47, 252.00, 'medium', '2022-06-15 03:43:08'),
(1065, 'iplant0001', 59.00, 28.51, 308.00, 'low', '2022-06-15 03:43:14'),
(1066, 'iplant0001', 59.00, 28.51, 311.00, 'low', '2022-06-15 03:43:19'),
(1067, 'iplant0001', 58.00, 28.50, 294.00, 'medium', '2022-06-15 03:43:25'),
(1068, 'iplant0001', 58.00, 28.50, 344.00, 'medium', '2022-06-15 03:43:31'),
(1069, 'iplant0001', 58.00, 28.48, 93.00, 'medium', '2022-06-15 03:43:37'),
(1070, 'iplant0001', 55.00, 28.50, 172.00, 'medium', '2022-06-15 03:43:43'),
(1071, 'iplant0001', 54.00, 28.48, 136.00, 'medium', '2022-06-15 03:43:49'),
(1072, 'iplant0001', 54.00, 28.47, 143.00, 'medium', '2022-06-15 03:43:55'),
(1073, 'iplant0001', 54.00, 28.50, 146.00, 'medium', '2022-06-15 03:43:59'),
(1074, 'iplant0001', 53.00, 28.51, 98.00, 'medium', '2022-06-15 03:44:05'),
(1075, 'iplant0001', 53.00, 28.51, 77.00, 'medium', '2022-06-15 03:44:10'),
(1076, 'iplant0001', 56.00, 28.52, 106.00, 'low', '2022-06-15 03:44:16'),
(1077, 'iplant0001', 56.00, 28.55, 110.00, 'low', '2022-06-15 03:44:21'),
(1078, 'iplant0001', 56.00, 28.55, 139.00, 'low', '2022-06-15 03:44:27'),
(1079, 'iplant0001', 56.00, 28.58, 129.00, 'medium', '2022-06-15 03:44:34'),
(1080, 'iplant0001', 56.00, 28.58, 144.00, 'medium', '2022-06-15 03:44:38'),
(1081, 'iplant0001', 57.00, 28.54, 369.00, 'medium', '2022-06-15 03:44:44'),
(1082, 'iplant0001', 55.00, 28.54, 138.00, 'medium', '2022-06-15 03:44:49'),
(1083, 'iplant0001', 54.00, 28.56, 168.00, 'medium', '2022-06-15 03:44:55'),
(1084, 'iplant0001', 54.00, 28.54, 134.00, 'medium', '2022-06-15 03:45:01'),
(1085, 'iplant0001', 54.00, 28.54, 169.00, 'medium', '2022-06-15 03:45:07'),
(1086, 'iplant0001', 54.00, 28.55, 181.00, 'medium', '2022-06-15 03:45:12'),
(1087, 'iplant0001', 53.00, 28.56, 208.00, 'medium', '2022-06-15 03:45:18');

-- --------------------------------------------------------

--
-- Table structure for table `settings`
--

CREATE TABLE `settings` (
  `id` int(11) NOT NULL,
  `site_name` varchar(200) COLLATE utf8mb4_unicode_ci NOT NULL DEFAULT 'iPlant | Chậu cây IoT',
  `logo_url` varchar(500) COLLATE utf8mb4_unicode_ci NOT NULL,
  `background_img_url` varchar(500) COLLATE utf8mb4_unicode_ci NOT NULL,
  `about` text COLLATE utf8mb4_unicode_ci DEFAULT NULL,
  `site` varchar(10) COLLATE utf8mb4_unicode_ci NOT NULL DEFAULT 'iPlant',
  `member_1` varchar(25) COLLATE utf8mb4_unicode_ci NOT NULL,
  `member_2` varchar(25) COLLATE utf8mb4_unicode_ci NOT NULL,
  `member_3` varchar(25) COLLATE utf8mb4_unicode_ci NOT NULL,
  `readme` text COLLATE utf8mb4_unicode_ci DEFAULT '#README'
) ENGINE=InnoDB DEFAULT CHARSET=utf8mb4 COLLATE=utf8mb4_unicode_ci;

--
-- Dumping data for table `settings`
--

INSERT INTO `settings` (`id`, `site_name`, `logo_url`, `background_img_url`, `about`, `site`, `member_1`, `member_2`, `member_3`, `readme`) VALUES
(1, 'iPlant | Chậu cây IoT', 'https://iplant.svute.com/public/images/iPlant_logo.svg', '', 'iPlant - Chậu cây IoT, theo dõi và tưới cây ở mọi lúc mọi nơi, lên lịch tự tưới cây tự động.', 'iPlant', 'ngtrdai', 'ogata', 'trtrvi', '*********** PROJECT CUỐI KỲ - IOT - HỆ THỐNG NHÚNG ***********\r\n\r\n*********************** IPLANT PROJECT ****************************\r\n\r\n****************** https://iplant.svute.com ***************************\r\n\r\n======================================================\r\n# Thành viên:\r\n[1]	 Nguyễn Trọng Đại		- 19146146\r\n\r\n[2]	 Lê Phan Văn Việt		- 19146302\r\n\r\n[3] 	Trần Triệu Vĩ		- 19146301\r\n\r\n======================================================\r\n# Cấu trúc thư mục\r\n[+] 1_iplant_web				- Project Webserver.\r\n\r\n|\r\n|___ [+] 1_SourceCode			- Source Webserver sử dụng HTML, CSS, JS và PHP với cấu trúc theo mô hình MVC.\r\n\r\n|\r\n|___ [+] 2_Database			- Chứa file .sql backup của cơ sở dữ liệu.\r\n		\r\n[+] 2_iplant_app				- Source code Android app của Project.\r\n\r\n[+] 3_iplant_raspberry			- Source code phần nhúng của Project.\r\n\r\n[+] 4_iplant_schematic			- Sơ đồ nguyên lý và PCB của Project.\r\n\r\n[+] 5_iplant_video				- Chứa các video Project ở thực tế.\r\n\r\n[+] 6_iplant_images			- Chứa các hình ảnh Project ở thực tế.\r\n\r\n[-] README.txt				- File mô tả nhanh Project.\r\n\r\n======================================================\r\n# Sử dụng iPlant\r\n[Account ADMIN]\r\n\r\n- Username: admin\r\n			\r\n- Password: 123123		\r\n	\r\n======================================================\r\n# Liên kết\r\n[Website]	https://iplant.svute.com\r\n\r\n[Github]	https://github.com/ngtrdai/iplant-web\r\n\r\n[Github]	https://github.com/ngtrdai/iplant-raspberry\r\n\r\n[Github]	https://github.com/ogarta/Iplant_android_app\r\n');

-- --------------------------------------------------------

--
-- Table structure for table `users`
--

CREATE TABLE `users` (
  `username` varchar(25) COLLATE utf8mb4_unicode_ci NOT NULL,
  `email` varchar(100) COLLATE utf8mb4_unicode_ci NOT NULL,
  `password` varchar(100) COLLATE utf8mb4_unicode_ci NOT NULL,
  `fullname` varchar(100) COLLATE utf8mb4_unicode_ci NOT NULL,
  `avatar_img` varchar(500) COLLATE utf8mb4_unicode_ci NOT NULL,
  `role` enum('admin','user') COLLATE utf8mb4_unicode_ci NOT NULL DEFAULT 'user',
  `token` varchar(20) COLLATE utf8mb4_unicode_ci NOT NULL,
  `created_at` datetime NOT NULL DEFAULT current_timestamp()
) ENGINE=InnoDB DEFAULT CHARSET=utf8mb4 COLLATE=utf8mb4_unicode_ci;

--
-- Dumping data for table `users`
--

INSERT INTO `users` (`username`, `email`, `password`, `fullname`, `avatar_img`, `role`, `token`, `created_at`) VALUES
('admin', 'admin@svute.com', '$2y$10$KqTQUNWSNCHSlkR9WGZVQeHRVEafC3ZlpfSGBrLb611HRuFp.Mp3e', 'Admin', 'https://ui-avatars.com/api/?background=random&name=admin&format=svg', 'admin', '6OIW8bMmxz', '2022-06-14 17:22:19'),
('ngtrdai', 'ngtrdai@svute.com', '$2y$10$zqozcsdxZy0M16VzrhTRd.cQwoR4FydWXc/cj5y13ZDHitx1W7F7O', 'Nguyễn Trọng Đại', 'https://iplant.svute.com/public/images/ngtrdaiAvatar.jpg', 'admin', 'Fn5ftNSgfC', '2022-05-27 12:07:38'),
('ogata', 'ogatahigan@gmail.com', '$2y$10$qg3LQyg316PQmRftNevb1eJctdQi9ZHtLXaT8Qvf4uREaCymz/x36', 'Lê Phan Văn Việt', 'https://iplant.svute.com/public/images/ogataAvatar.jpg', 'admin', 'icCwLSROna', '2022-05-30 03:54:44'),
('trtrvi', 'trtrvi@svute.com', '$2y$10$MnMWJPyCuUUTjDO38cedNeQpAYt927kxRepFhWtdPJtMj9zNlHyIm', 'Trần Triệu Vĩ', 'https://iplant.svute.com/public/images/trtrviAvatar.jpg', 'user', 'MONAaAIEek', '2022-05-30 06:03:06');

--
-- Indexes for dumped tables
--

--
-- Indexes for table `alarm`
--
ALTER TABLE `alarm`
  ADD PRIMARY KEY (`id`),
  ADD KEY `alarm` (`imei`);

--
-- Indexes for table `auto`
--
ALTER TABLE `auto`
  ADD PRIMARY KEY (`id`),
  ADD KEY `FK_Auto_Plant` (`imei`);

--
-- Indexes for table `controls`
--
ALTER TABLE `controls`
  ADD PRIMARY KEY (`id`),
  ADD KEY `controls_plants_FK` (`imei`);

--
-- Indexes for table `led`
--
ALTER TABLE `led`
  ADD KEY `led_plants` (`imei`);

--
-- Indexes for table `notification`
--
ALTER TABLE `notification`
  ADD PRIMARY KEY (`id`),
  ADD KEY `FK_noti_plant` (`imei`);

--
-- Indexes for table `owned`
--
ALTER TABLE `owned`
  ADD PRIMARY KEY (`id`),
  ADD KEY `owned_user_FK` (`username`),
  ADD KEY `owned_plants_FK` (`imei`);

--
-- Indexes for table `plants`
--
ALTER TABLE `plants`
  ADD PRIMARY KEY (`imei`);

--
-- Indexes for table `pump`
--
ALTER TABLE `pump`
  ADD PRIMARY KEY (`id`),
  ADD KEY `imei` (`imei`);

--
-- Indexes for table `sensors`
--
ALTER TABLE `sensors`
  ADD PRIMARY KEY (`id`),
  ADD KEY `sensors_plant_FK` (`imei`);

--
-- Indexes for table `settings`
--
ALTER TABLE `settings`
  ADD PRIMARY KEY (`id`);

--
-- Indexes for table `users`
--
ALTER TABLE `users`
  ADD PRIMARY KEY (`username`);

--
-- AUTO_INCREMENT for dumped tables
--

--
-- AUTO_INCREMENT for table `alarm`
--
ALTER TABLE `alarm`
  MODIFY `id` int(11) NOT NULL AUTO_INCREMENT, AUTO_INCREMENT=142;

--
-- AUTO_INCREMENT for table `auto`
--
ALTER TABLE `auto`
  MODIFY `id` int(11) NOT NULL AUTO_INCREMENT, AUTO_INCREMENT=5;

--
-- AUTO_INCREMENT for table `controls`
--
ALTER TABLE `controls`
  MODIFY `id` int(11) NOT NULL AUTO_INCREMENT, AUTO_INCREMENT=11;

--
-- AUTO_INCREMENT for table `notification`
--
ALTER TABLE `notification`
  MODIFY `id` int(11) NOT NULL AUTO_INCREMENT, AUTO_INCREMENT=463;

--
-- AUTO_INCREMENT for table `owned`
--
ALTER TABLE `owned`
  MODIFY `id` int(11) NOT NULL AUTO_INCREMENT, AUTO_INCREMENT=85;

--
-- AUTO_INCREMENT for table `pump`
--
ALTER TABLE `pump`
  MODIFY `id` int(11) NOT NULL AUTO_INCREMENT, AUTO_INCREMENT=6;

--
-- AUTO_INCREMENT for table `sensors`
--
ALTER TABLE `sensors`
  MODIFY `id` int(11) NOT NULL AUTO_INCREMENT, AUTO_INCREMENT=1088;

--
-- AUTO_INCREMENT for table `settings`
--
ALTER TABLE `settings`
  MODIFY `id` int(11) NOT NULL AUTO_INCREMENT, AUTO_INCREMENT=2;

--
-- Constraints for dumped tables
--

--
-- Constraints for table `alarm`
--
ALTER TABLE `alarm`
  ADD CONSTRAINT `alarm` FOREIGN KEY (`imei`) REFERENCES `plants` (`imei`);

--
-- Constraints for table `auto`
--
ALTER TABLE `auto`
  ADD CONSTRAINT `FK_Auto_Plant` FOREIGN KEY (`imei`) REFERENCES `plants` (`imei`);

--
-- Constraints for table `controls`
--
ALTER TABLE `controls`
  ADD CONSTRAINT `controls_plants_FK` FOREIGN KEY (`imei`) REFERENCES `plants` (`imei`);

--
-- Constraints for table `led`
--
ALTER TABLE `led`
  ADD CONSTRAINT `led_plants` FOREIGN KEY (`imei`) REFERENCES `plants` (`imei`);

--
-- Constraints for table `notification`
--
ALTER TABLE `notification`
  ADD CONSTRAINT `FK_noti_plant` FOREIGN KEY (`imei`) REFERENCES `plants` (`imei`);

--
-- Constraints for table `owned`
--
ALTER TABLE `owned`
  ADD CONSTRAINT `owned_plants_FK` FOREIGN KEY (`imei`) REFERENCES `plants` (`imei`),
  ADD CONSTRAINT `owned_user_FK` FOREIGN KEY (`username`) REFERENCES `users` (`username`);

--
-- Constraints for table `pump`
--
ALTER TABLE `pump`
  ADD CONSTRAINT `pump_ibfk_1` FOREIGN KEY (`imei`) REFERENCES `plants` (`imei`);

--
-- Constraints for table `sensors`
--
ALTER TABLE `sensors`
  ADD CONSTRAINT `sensors_plant_FK` FOREIGN KEY (`imei`) REFERENCES `plants` (`imei`);
COMMIT;

/*!40101 SET CHARACTER_SET_CLIENT=@OLD_CHARACTER_SET_CLIENT */;
/*!40101 SET CHARACTER_SET_RESULTS=@OLD_CHARACTER_SET_RESULTS */;
/*!40101 SET COLLATION_CONNECTION=@OLD_COLLATION_CONNECTION */;
